
INSERT INTO usuario (ci, nombre, apellido, username, password_hash, telefono, sexo, correo, direccion, intentos_fallidos, estado_acceso)
VALUES
('2233445SC','Gabriela','Lopez','gabriela.lopez','HASH123','70011223','F','gabriela.lopez@gmail.com','Av. Beni #234',0,'HABILITADO'),
('3344556SC','Miguel','Torres','miguel.torres','HASH123','70112233','M','miguel.torres@hotmail.com','Calle Sucre #567',0,'HABILITADO'),
('4455667SC','Paola','Vargas','paola.vargas','HASH123','70223344','F','paola.vargas@yahoo.com','Zona Norte, 4to anillo',0,'HABILITADO'),
('5566778SC','Andrés','Mendoza','andres.mendoza','HASH123','70334455','M','andres.mendoza@gmail.com','Av. Santos Dumont #890',0,'HABILITADO'),
('6677889SC','Claudia','Rojas','claudia.rojas','HASH123','70445566','F','claudia.rojas@gmail.com','Calle Ballivián #321',0,'HABILITADO'),
('7788990SC','Fernando','Aguilar','fernando.aguilar','HASH123','70556677','M','fernando.aguilar@hotmail.com','Av. Grigotá #654',0,'HABILITADO'),
('8899001SC','Patricia','Salazar','patricia.salazar','HASH123','70667788','F','patricia.salazar@gmail.com','Barrio Las Palmas',0,'HABILITADO'),
('9900112SC','Ricardo','Ortiz','ricardo.ortiz','HASH123','70778899','M','ricardo.ortiz@gmail.com','Av. Virgen de Cotoca #111',0,'HABILITADO'),
('1011213SC','Sofía','Ramírez','sofia.ramirez','HASH123','70889900','F','sofia.ramirez@gmail.com','Calle Cochabamba #222',0,'HABILITADO'),
('1112314SC','Diego','Flores','diego.flores','HASH123','70990011','M','diego.flores@gmail.com','Av. Piraí #333',0,'HABILITADO'),
('1213415SC','Valeria','Castro','valeria.castro','HASH123','71001122','F','valeria.castro@gmail.com','Zona Equipetrol, Calle 3',0,'HABILITADO'),
('1314156SC','Jorge','Martínez','jorge.martinez','HASH123','71112233','M','jorge.martinez@hotmail.com','Av. Alemana #444',0,'HABILITADO'),
('1415167SC','Carolina','Gómez','carolina.gomez','HASH123','71223344','F','carolina.gomez@gmail.com','Calle Libertad #555',0,'HABILITADO'),
('1516118SC','Mauricio','Fernández','mauricio.fernandez','HASH123','71334455','M','mauricio.fernandez@gmail.com','Av. Busch #666',0,'HABILITADO'),
('1617819SC','Natalia','Paz','natalia.paz','HASH123','71445566','F','natalia.paz@gmail.com','Barrio Sirari, Calle 7',0,'HABILITADO'),
('1711920SC','Esteban','Quiroga','esteban.quiroga','HASH123','71556677','M','esteban.quiroga@gmail.com','Av. Mutualista #101',0,'HABILITADO'),
('1812021SC','Lucía','Delgado','lucia.delgado','HASH123','71667788','F','lucia.delgado@hotmail.com','Calle Warnes #202',0,'HABILITADO'),
('1920212SC','Hernán','Silva','hernan.silva','HASH123','71778899','M','hernan.silva@gmail.com','Av. Cristo Redentor #303',0,'HABILITADO'),
('2212223SC','Camila','Morales','camila.morales','HASH123','71889900','F','camila.morales@gmail.com','Zona Sur, Calle 8',0,'HABILITADO'),
('2122324SC','Sebastián','Reyes','sebastian.reyes','HASH123','71990011','M','sebastian.reyes@gmail.com','Av. Alemana #404',0,'HABILITADO'),
('2232425SC','Andrea','García','andrea.garcia','HASH123','72001122','F','andrea.garcia@gmail.com','Calle Independencia #505',0,'HABILITADO'),
('2322526SC','Marcelo','Pinto','marcelo.pinto','HASH123','72112233','M','marcelo.pinto@hotmail.com','Av. San Aurelio #606',0,'HABILITADO'),
('2425627SC','Verónica','Santos','veronica.santos','HASH123','72223344','F','veronica.santos@gmail.com','Barrio Urbarí',0,'HABILITADO'),
('2526228SC','Cristian','Rivera','cristian.rivera','HASH123','72334455','M','cristian.rivera@gmail.com','Av. Centenario #707',0,'HABILITADO'),
('2627829SC','Daniela','Peña','daniela.pena','HASH123','72445566','F','daniela.pena@gmail.com','Calle Florida #808',0,'HABILITADO'),
('2722930SC','Oscar','Villalba','oscar.villalba','HASH123','72556677','M','oscar.villalba@gmail.com','Av. Radial 26 #909',0,'HABILITADO'),
('2829301SC','Mónica','Serrano','monica.serrano','HASH123','72667788','F','monica.serrano@gmail.com','Zona Norte, Calle 12',0,'HABILITADO'),
('2930332SC','Álvaro','Campos','alvaro.campos','HASH123','72778899','M','alvaro.campos@gmail.com','Av. Santos Dumont #1110',0,'HABILITADO'),
('3031233SC','Rocío','Navarro','rocio.navarro','HASH123','72889900','F','rocio.navarro@gmail.com','Calle Bolívar #1212',0,'HABILITADO'),
('3132334SC','Gustavo','Arce','gustavo.arce','HASH123','72990011','M','gustavo.arce@gmail.com','Av. Grigotá #1313',0,'HABILITADO'),
('3233435SC','Elena','Maldonado','elena.maldonado','HASH123','73001122','F','elena.maldonado@gmail.com','Barrio Equipetrol, Calle 5',0,'HABILITADO'),
('3343536SC','Raúl','Fuentes','raul.fuentes','HASH123','73112233','M','raul.fuentes@hotmail.com','Av. Piraí #1414',0,'HABILITADO'),
('3453637SC','Isabel','Correa','isabel.correa','HASH123','73223344','F','isabel.correa@gmail.com','Calle Aroma #1515',0,'HABILITADO'),
('3563738SC','Tomás','Guzmán','tomas.guzman','HASH123','73334455','M','tomas.guzman@gmail.com','Av. Busch #1616',0,'HABILITADO'),
('3673839SC','Mariana','Espinoza','mariana.espinoza','HASH123','73445566','F','mariana.espinoza@gmail.com','Zona Sirari, Calle 9',0,'HABILITADO'),
('3748490SC','Ignacio','Peralta','ignacio.peralta','HASH123','73556677','M','ignacio.peralta@gmail.com','Av. Centenario #1717',0,'HABILITADO'),
('3849541SC','Florencia','Suárez','florencia.suarez','HASH123','73667788','F','florencia.suarez@hotmail.com','Calle Libertad #1818',0,'HABILITADO'),
('3940142SC','Matías','González','matias.gonzalez','HASH123','73778899','M','matias.gonzalez@gmail.com','Av. San Martín #1919',0,'HABILITADO'),
('4045243SC','Alejandra','Rivas','alejandra.rivas','HASH123','73889900','F','alejandra.rivas@gmail.com','Zona Norte, Calle 20',0,'HABILITADO'),
('4125344SC','Rodrigo','Cordero','rodrigo.cordero','HASH123','73990011','M','rodrigo.cordero@gmail.com','Av. Piraí #2121',0,'HABILITADO'),
('4435445SC','Julieta','Fernández','julieta.fernandez','HASH123','74001122','F','julieta.fernandez@gmail.com','Calle Aroma #2222',0,'HABILITADO'),
('3445546SC','Mauricio','Quiñones','mauricio.quinones','HASH123','74112233','M','mauricio.quinones@hotmail.com','Av. Busch #2323',0,'HABILITADO'),
('4455647SC','Lorena','Villarroel','lorena.villarroel','HASH123','74223344','F','lorena.villarroel@gmail.com','Barrio Sirari, Calle 10',0,'HABILITADO'),
('9546548SC','Cristóbal','Salinas','cristobal.salinas','HASH123','74334455','M','cristobal.salinas@gmail.com','Av. Alemana #2424',0,'HABILITADO'),
('7647849SC','Gabriela','Montoya','gabriela.montoya','HASH123','74445566','F','gabriela.montoya@gmail.com','Av. Grigotá #2525',0,'HABILITADO'),
('6745950SC','Felipe','Aranda','felipe.aranda','HASH123','74556677','M','felipe.aranda@gmail.com','Calle Cochabamba #2626',0,'HABILITADO'),
('5849051SC','María José','Ortiz','mariajose.ortiz','HASH123','74667788','F','mariajose.ortiz@gmail.com','Av. Santos Dumont #2727',0,'HABILITADO'),
('2956152SC','Santiago','Paredes','santiago.paredes','HASH123','74778899','M','santiago.paredes@gmail.com','Zona Sur, Calle 11',0,'HABILITADO'),
('1051653SC','Daniela','Villalobos','daniela.villalobos','HASH123','74889900','F','daniela.villalobos@gmail.com','Av. Virgen de Cotoca #2828',0,'HABILITADO'),
('7152354SC','Leonardo','Mamani','leonardo.mamani','HASH123','74990011','M','leonardo.mamani@gmail.com','Calle Bolívar #2929',0,'HABILITADO');

SELECT *
FROM usuario;

INSERT INTO empleado (id_usuario, codigo_empleado, salario, turno, fecha_contratacion, fecha_finalizacion)
VALUES
(1, 'EMP-GERENTE', 8500.00, 'AM', CURRENT_DATE, NULL),          -- Gerente
(2, 'EMP-RRHH', 6000.00, 'AM', CURRENT_DATE, NULL),             -- Recursos Humanos
(3, 'EMP-LOGISTICA', 5500.00, 'AM', CURRENT_DATE, NULL),        -- Logística
(4, 'EMP-CONTAB', 5800.00, 'AM', CURRENT_DATE, NULL),           -- Contabilidad
(5, 'EMP-OPER', 5000.00, 'AM', CURRENT_DATE, NULL),             -- Operaciones
(6, 'EMP-REDES', 4500.00, 'AM', CURRENT_DATE, NULL),            -- Encargado de Redes
(7, 'EMP-ADMIN-AM', 5000.00, 'AM', CURRENT_DATE, NULL),         -- Administrador de Sucursal
(8, 'EMP-JCOCINA-AM', 4500.00, 'AM', CURRENT_DATE, NULL),       -- Jefe de Cocina
(9, 'EMP-JBART-AM', 4200.00, 'AM', CURRENT_DATE, NULL),         -- Jefe Bartender
(10, 'EMP-COC1-AM', 3300.00, 'AM', CURRENT_DATE, NULL),         -- Cocinero
(11, 'EMP-COC2-AM', 3300.00, 'AM', CURRENT_DATE, NULL),         -- Cocinero
(12, 'EMP-MES1-AM', 3300.00, 'AM', CURRENT_DATE, NULL),         -- Mesero
(13, 'EMP-MES2-AM', 3300.00, 'AM', CURRENT_DATE, NULL),         -- Mesero
(14, 'EMP-BAR1-AM', 3300.00, 'AM', CURRENT_DATE, NULL),         -- Bartender
(15, 'EMP-JCONT-AM', 3300.00, 'AM', CURRENT_DATE, NULL),        -- Cajero
(16, 'EMP-JCOCINA-PM', 4500.00, 'PM', CURRENT_DATE, NULL),      -- Jefe de Cocina
(17, 'EMP-JBART-PM', 4200.00, 'PM', CURRENT_DATE, NULL),        -- Jefe Bartender
(18, 'EMP-ADMIN-PM', 5000.00, 'PM', CURRENT_DATE, NULL),        -- Administrador de Sucursal
(19, 'EMP-COC1-PM', 3300.00, 'PM', CURRENT_DATE, NULL),         -- Cocinero
(20, 'EMP-COC2-PM', 3300.00, 'PM', CURRENT_DATE, NULL),         -- Cocinero
(21, 'EMP-COC3-PM', 3300.00, 'PM', CURRENT_DATE, NULL),         -- Cocinero
(22, 'EMP-COC4-PM', 3300.00, 'PM', CURRENT_DATE, NULL),         -- Cocinero
(23, 'EMP-MES1-PM', 3300.00, 'PM', CURRENT_DATE, NULL),         -- Mesero
(24, 'EMP-MES2-PM', 3300.00, 'PM', CURRENT_DATE, NULL),         -- Mesero
(25, 'EMP-MES3-PM', 3300.00, 'PM', CURRENT_DATE, NULL),         -- Mesero
(26, 'EMP-MES4-PM', 3300.00, 'PM', CURRENT_DATE, NULL),         -- Mesero
(27, 'EMP-MES5-PM', 3300.00, 'PM', CURRENT_DATE, NULL),         -- Mesero
(28, 'EMP-BAR1-PM', 3300.00, 'PM', CURRENT_DATE, NULL),         -- Bartender
(29, 'EMP-BAR2-PM', 3300.00, 'PM', CURRENT_DATE, NULL),         -- Bartender
(30, 'EMP-BAR3-PM', 3300.00, 'PM', CURRENT_DATE, NULL),         -- Bartender
(31, 'EMP-JCONT-PM', 3300.00, 'PM', CURRENT_DATE, NULL);        -- Cajero

SELECT *
FROM empleado;

INSERT INTO proveedor (id_usuario, empresa, nit, nombre_contacto, telefono_contacto, correo_contacto, categoria_producto) VALUES
(32, 'Distribuidora La Estrella', '123456789', 'Luis Ramírez', '75011223', 'luis.ramirez@laestrella.com', 'BEBIDAS'),
(33, 'Sofia', '987654321', 'Marta Suárez', '75112233', 'marta.suarez@carnesoriente.com', 'CARNES'),
(34, 'Verduras Frescas SRL', '456789123', 'Pedro Gutiérrez', '75223344', 'pedro.gutierrez@verdurasfrescas.com', 'VEGETALES'),
(35, 'PIL', '321654987', 'Clara Fernández', '75334455', 'clara.fernandez@lacteosandinos.com', 'LACTEOS'),
(36, 'Heladería Tropical', '654987321', 'Roberto Aguilar', '75445566', 'roberto.aguilar@heladeriatropical.com', 'HELADOS'),
(37, 'Panadería San Jorge', '789123456', 'Andrea López', '75556677', 'andrea.lopez@panaderiasj.com', 'PANADERIA'),
(38, 'Productos de Limpieza CleanBol', '112233445', 'Carlos Vargas', '75667788', 'carlos.vargas@cleanbol.com', 'LIMPIEZA'),
(39, 'Importadora Multiservicios', '223344556', 'Gabriela Soto', '75778899', 'gabriela.soto@multiservicios.com', 'VARIOS');

SELECT *
FROM proveedor;

INSERT INTO cliente (id_usuario, nit, razon_social, fecha_nacimiento, puntos_fidelidad, nivel_cliente, observaciones)
VALUES
(40, NULL, 'Rodrigo Cordero', NULL, 0, 'REGULAR', NULL),
(41, NULL, 'Julieta Fernández', NULL, 0, 'REGULAR', NULL),
(42, NULL, 'Mauricio Quiñones', NULL, 0, 'REGULAR', NULL),
(43, NULL, 'Lorena Villarroel', NULL, 0, 'REGULAR', NULL),
(44, NULL, 'Cristóbal Salinas', NULL, 0, 'REGULAR', NULL),
(45, NULL, 'Gabriela Montoya', NULL, 0, 'REGULAR', NULL),
(46, NULL, 'Felipe Aranda', NULL, 0, 'REGULAR', NULL),
(47, NULL, 'María José Ortiz', NULL, 0, 'REGULAR', NULL),
(48, NULL, 'Santiago Paredes', NULL, 0, 'REGULAR', NULL),
(49, NULL, 'Daniela Villalobos', NULL, 0, 'REGULAR', NULL),
(50, NULL, 'Leonardo Mamani', NULL, 0, 'REGULAR', NULL);

SELECT *
FROM cliente;

INSERT INTO rol (nombre, descripcion, nivel_acceso) VALUES
('GERENTE', 'Responsable general de la empresa', 5),
('ADMIN', 'Administrador de sucursal', 4),
('COCINERO', 'Encargado de cocina', 2),
('BARTENDER', 'Encargado de bar', 2),
('MESERO', 'Encargado de atención y pedidos', 2),
('CAJERO', 'Encargado de caja y cobros', 2),
('CLIENTE', 'Cliente registrado en el sistema', 1);

SELECT *
FROM rol;

INSERT INTO rol_usuario (id_usuario, id_rol, fecha_asignacion, fecha_expiracion, asignado_por, activo)
VALUES
(1, 1, CURRENT_TIMESTAMP, NULL, NULL, TRUE),   -- GERENTE
(2, 2, CURRENT_TIMESTAMP, NULL, NULL, TRUE),   -- ADMIN
(3, 2, CURRENT_TIMESTAMP, NULL, NULL, TRUE),   -- ADMIN
(4, 2, CURRENT_TIMESTAMP, NULL, NULL, TRUE),   -- ADMIN
(5, 2, CURRENT_TIMESTAMP, NULL, NULL, TRUE),   -- ADMIN
(6, 2, CURRENT_TIMESTAMP, NULL, NULL, TRUE),   -- ADMIN
(7, 2, CURRENT_TIMESTAMP, NULL, NULL, TRUE),   -- ADMIN
(18, 2, CURRENT_TIMESTAMP, NULL, NULL, TRUE),  -- ADMIN
(8, 3, CURRENT_TIMESTAMP, NULL, NULL, TRUE),   -- COCINERO
(16, 3, CURRENT_TIMESTAMP, NULL, NULL, TRUE),  -- COCINERO
(10, 3, CURRENT_TIMESTAMP, NULL, NULL, TRUE),  -- COCINERO
(11, 3, CURRENT_TIMESTAMP, NULL, NULL, TRUE),  -- COCINERO
(19, 3, CURRENT_TIMESTAMP, NULL, NULL, TRUE),  -- COCINERO
(20, 3, CURRENT_TIMESTAMP, NULL, NULL, TRUE),  -- COCINERO
(21, 3, CURRENT_TIMESTAMP, NULL, NULL, TRUE),  -- COCINERO
(22, 3, CURRENT_TIMESTAMP, NULL, NULL, TRUE),  -- COCINERO
(9, 4, CURRENT_TIMESTAMP, NULL, NULL, TRUE),   -- BARTENDER
(17, 4, CURRENT_TIMESTAMP, NULL, NULL, TRUE),  -- BARTENDER
(14, 4, CURRENT_TIMESTAMP, NULL, NULL, TRUE),  -- BARTENDER
(28, 4, CURRENT_TIMESTAMP, NULL, NULL, TRUE),  -- BARTENDER
(29, 4, CURRENT_TIMESTAMP, NULL, NULL, TRUE),  -- BARTENDER
(30, 4, CURRENT_TIMESTAMP, NULL, NULL, TRUE),  -- BARTENDER
(12, 5, CURRENT_TIMESTAMP, NULL, NULL, TRUE),  -- MESERO
(13, 5, CURRENT_TIMESTAMP, NULL, NULL, TRUE),  -- MESERO
(23, 5, CURRENT_TIMESTAMP, NULL, NULL, TRUE),  -- MESERO
(24, 5, CURRENT_TIMESTAMP, NULL, NULL, TRUE),  -- MESERO
(25, 5, CURRENT_TIMESTAMP, NULL, NULL, TRUE),  -- MESERO
(26, 5, CURRENT_TIMESTAMP, NULL, NULL, TRUE),  -- MESERO
(27, 5, CURRENT_TIMESTAMP, NULL, NULL, TRUE),  -- MESERO
(15, 6, CURRENT_TIMESTAMP, NULL, NULL, TRUE),  -- CAJERO
(31, 6, CURRENT_TIMESTAMP, NULL, NULL, TRUE);  -- CAJERO

SELECT *
FROM rol_usuario;

-- Módulo Usuarios
INSERT INTO permiso (nombre, modulo, accion, descripcion) VALUES
('users:read', 'USUARIO', 'LEER', 'Ver lista de usuarios y detalles'),
('users:create', 'USUARIO', 'CREAR', 'Registrar nuevos usuarios'),
('users:update', 'USUARIO', 'ACTUALIZAR', 'Modificar datos de usuarios'),
('users:delete', 'USUARIO', 'ELIMINAR', 'Dar de baja usuarios');

-- Módulo Roles
INSERT INTO permiso (nombre, modulo, accion, descripcion) VALUES
('roles:read', 'ROL', 'LEER', 'Ver lista de roles'),
('roles:create', 'ROL', 'CREAR', 'Crear nuevos roles'),
('roles:update', 'ROL', 'ACTUALIZAR', 'Modificar roles'),
('roles:delete', 'ROL', 'ELIMINAR', 'Eliminar roles'),
('roles:assign', 'ROL', 'EJECUTAR', 'Asignar roles a usuarios');

-- Módulo Permisos
INSERT INTO permiso (nombre, modulo, accion, descripcion) VALUES
('permissions:read', 'PERMISO', 'LEER', 'Ver lista de permisos'),
('permissions:create', 'PERMISO', 'CREAR', 'Crear nuevos permisos de sistema'),
('permissions:update', 'PERMISO', 'ACTUALIZAR', 'Modificar permisos'),
('permissions:delete', 'PERMISO', 'ELIMINAR', 'Eliminar permisos');

-- Módulo Sesiones
INSERT INTO permiso (nombre, modulo, accion, descripcion) VALUES
('sessions:read', 'SESION', 'LEER', 'Ver sesiones activas'),
('sessions:revoke', 'SESION', 'EJECUTAR', 'Cerrar sesiones de forma remota');

-- Módulo Empleados y Clientes
INSERT INTO permiso (nombre, modulo, accion, descripcion) VALUES
('employees:read', 'EMPLEADO', 'LEER', 'Ver datos de empleados'),
('clients:read', 'CLIENTE', 'LEER', 'Ver datos de clientes');

-- Módulo Inventario
INSERT INTO permiso (nombre, modulo, accion, descripcion) VALUES
('inventory:read', 'INVENTARIO', 'LEER', 'Ver stock de inventario'),
('inventory:create', 'INVENTARIO', 'CREAR', 'Añadir items al inventario'),
('inventory:update', 'INVENTARIO', 'ACTUALIZAR', 'Actualizar niveles de stock'),
('products:read', 'PRODUCTO', 'LEER', 'Ver catálogo de productos'),
('categories:read', 'CATEGORIA', 'LEER', 'Ver categorías de productos');

-- Módulo Comercial (Ventas y Pedidos)
INSERT INTO permiso (nombre, modulo, accion, descripcion) VALUES
('orders:read:kitchen', 'KITCHEN', 'LEER', 'Ver pedidos destinados a cocina'),
('orders:update:kitchen', 'KITCHEN', 'ACTUALIZAR', 'Actualizar estado de platos en cocina'),
('orders:read:bar', 'BAR', 'LEER', 'Ver pedidos destinados a bar'),
('orders:update:bar', 'BAR', 'ACTUALIZAR', 'Actualizar estado de bebidas en bar'),
('sales:read', 'VENTA', 'LEER', 'Ver historial de ventas'),
('sales:create', 'VENTA', 'CREAR', 'Generar notas de venta'),
('cash:read', 'CAJA', 'LEER', 'Ver estado de caja'),
('cash:open', 'CAJA', 'EJECUTAR', 'Realizar apertura de caja'),
('cash:close', 'CAJA', 'EJECUTAR', 'Realizar cierre de caja');

-- Módulo Operaciones y Ecommerce
INSERT INTO permiso (nombre, modulo, accion, descripcion) VALUES
('branches:read', 'SUCURSAL', 'LEER', 'Ver sucursales'),
('tables:read', 'MESA', 'LEER', 'Ver disponibilidad de mesas'),
('reservations:read', 'RESERVA', 'LEER', 'Ver reservas'),
('reservations:create', 'RESERVA', 'CREAR', 'Crear nuevas reservas');

SELECT * FROM permiso;

-- Asignación de Permisos a Roles
-- GERENTE (ID 1): Acceso Total
INSERT INTO rol_permiso (id_rol, id_permiso)
SELECT 1, id_permiso FROM permiso;

-- ADMIN (ID 2): Acceso a Gestión de Personal, Usuarios e Inventario
INSERT INTO rol_permiso (id_rol, id_permiso)
SELECT 2, id_permiso FROM permiso WHERE modulo IN ('USUARIO', 'ROL', 'EMPLEADO', 'CLIENTE', 'INVENTARIO', 'PRODUCTO', 'CATEGORIA', 'SUCURSAL');

-- COCINERO (ID 3): Gestión de Inventario y Pedidos de Cocina
INSERT INTO rol_permiso (id_rol, id_permiso)
SELECT 3, id_permiso FROM permiso WHERE (modulo IN ('INVENTARIO', 'PRODUCTO', 'CATEGORIA') AND accion = 'LEER') 
OR (modulo = 'KITCHEN' AND accion IN ('LEER', 'ACTUALIZAR'));

-- BARTENDER (ID 4): Gestión de Inventario y Pedidos de Bar
INSERT INTO rol_permiso (id_rol, id_permiso)
SELECT 4, id_permiso FROM permiso WHERE (modulo IN ('INVENTARIO', 'PRODUCTO', 'CATEGORIA') AND accion = 'LEER') 
OR (modulo = 'BAR' AND accion IN ('LEER', 'ACTUALIZAR'));

-- MESERO (ID 5): Comandas y Mesas
INSERT INTO rol_permiso (id_rol, id_permiso)
SELECT 5, id_permiso FROM permiso WHERE modulo IN ('KITCHEN', 'BAR', 'MESA', 'PRODUCTO', 'CATEGORIA') AND accion IN ('LEER', 'CREAR', 'ACTUALIZAR');

-- CAJERO (ID 6): Caja, Ventas y Comandas
INSERT INTO rol_permiso (id_rol, id_permiso)
SELECT 6, id_permiso FROM permiso WHERE modulo IN ('VENTA', 'CAJA', 'KITCHEN', 'BAR') OR (modulo = 'CLIENTE' AND accion = 'LEER');

-- CLIENTE (ID 7): Reservas y sus propios Pedidos
INSERT INTO rol_permiso (id_rol, id_permiso)
SELECT 7, id_permiso FROM permiso WHERE (modulo IN ('RESERVA', 'PRODUCTO', 'CATEGORIA') AND accion IN ('LEER', 'CREAR'))
OR (modulo = 'KITCHEN' AND accion = 'LEER') OR (modulo = 'BAR' AND accion = 'LEER');

SELECT * FROM rol_permiso;


INSERT INTO categoria(nombre, descripcion, id_categoria_padre, nivel, activo) VALUES
('COMIDAS', 'Platos y productos destinados al consumo alimenticio en general.', NULL, 1, TRUE), 
('BEBIDAS', 'Productos líquidos destinados al consumo, con o sin alcohol.', NULL, 1, TRUE),
('POSTRES', 'Preparaciones dulces servidas al final de la comida.', NULL, 1, TRUE),
('ENTRADAS', 'Platos ligeros para iniciar la comida.', 1, 2, TRUE), 
('PAPAS FRITAS', 'Variedades de papas fritas con diferentes toppings.', 1, 2, TRUE),
('ACOMPAÑAMIENTOS', 'Guarniciones que complementan los platos principales.', 1, 2, TRUE),
('PRINCIPALES DEL GRILL Y AHUMADOS', 'Platos fuertes preparados al grill o ahumados.', 1, 2, TRUE),
('HAMBURGUESAS', 'Hamburguesas artesanales con diferentes estilos.', 1, 2, TRUE),
('SMASH', 'Hamburguesas estilo smash con combinaciones especiales.', 1, 2, TRUE),
('SÁNDWICHES', 'Sándwiches especiales con carnes y salsas.', 1, 2, TRUE),
('PERROS Y PERRAS GAIRA', 'Hot dogs y variaciones especiales de la casa.', 1, 2, TRUE),
('CERVEZAS', 'Cervezas nacionales, importadas y baldes.', 2, 2, TRUE),
('COCTELES', 'Cócteles clásicos, del mundo y de la casa.', 2, 2, TRUE),
('SIN ALCOHOL', 'Jugos, sodas artesanales, limonadas y mocktails.', 2, 2, TRUE),
('BOTELLAS', 'Vinos, whiskies, aguardientes y licores servidos por botella.', 2, 2, TRUE),
('HELADOS', 'Postres fríos elaborados a base de crema, leche o frutas.', 3, 2, TRUE); 

SELECT *
FROM categoria;


-- ENTRADAS
INSERT INTO producto_final(codigo, nombre, descripcion, id_categoria, tiempo_preparacion, imagen_url, activo) VALUES
('ENT-001', 'Empanadas Colombianas', 'Empanadas de maíz amarillo rellenas de carne desmechada, acompañadas de ají Gaira (3 ud).', 4, 15, '', TRUE),
('ENT-002', 'Chicharrón Paisa', 'Panceta de cerdo crocante en cocción lenta, frita y acompañada de patacones.', 4, 20, '', TRUE),
('ENT-003', 'Tocino Apanado', 'Tocino apanado crocante con salsa BBQ de la casa y papas fritas (4 ud).', 4, 20, '', TRUE);
-- PAPAS FRITAS
INSERT INTO producto_final(codigo, nombre, descripcion, id_categoria, tiempo_preparacion, imagen_url, activo) VALUES
('PAP-001', 'Papas Fritas Clásicas', 'Papas fritas tradicionales.', 5, 10, '', TRUE),
('PAP-002', 'Papas Fritas con Ajo', 'Papas fritas acompañadas de un mix de ajo, cilantro y mantequilla.', 5, 12, '', TRUE),
('PAP-003', 'Papas Cheddar Extreme', 'Papas fritas con tocino crispy y salsa cheddar extreme.', 5, 15, '', TRUE);
-- ACOMPAÑAMIENTOS
INSERT INTO producto_final(codigo, nombre, descripcion, id_categoria, tiempo_preparacion, imagen_url, activo) VALUES
('ACO-001', 'Patacón con Queso Mozzarella', 'Patacones crocantes con queso mozzarella (4 ud).', 6, 12, '', TRUE),
('ACO-002', 'Patacón con Hogao', 'Patacones crocantes con hogao (4 ud).', 6, 12, '', TRUE);
-- HAMBURGUESAS
INSERT INTO producto_final(codigo, nombre, descripcion, id_categoria, tiempo_preparacion, imagen_url, activo) VALUES
('HAM-001', 'Hamburguesa Clásica', 'Pan artesanal, carne 180gr, queso mozzarella, tomate, cebolla y lechuga hidropónica.', 8, 20, '', TRUE),
('HAM-002', 'Hamburguesa Yankee', 'Pan artesanal, carne 180gr, queso mozzarella, doble cheddar, tocino y pepinillos.', 8, 20, '', TRUE);
-- PERROS Y PERRAS GAIRA
INSERT INTO producto_final(codigo, nombre, descripcion, id_categoria, tiempo_preparacion, imagen_url, activo) VALUES
('PER-001', 'Perro Bacon Cheese', 'Salchicha Frankfurt al vapor con doble lámina de queso cheddar y tocino crispy.', 11, 15, '', TRUE),
('PER-002', 'Perro Gaira', 'Salchicha Frankfurt al vapor con cebolla, tártara Gaira, papa ripio, tocino y salsa de piña.', 11, 15, '', TRUE);
-- CERVEZAS 
INSERT INTO producto_final(codigo, nombre, descripcion, id_categoria, tiempo_preparacion, imagen_url, activo) VALUES
('CER-001', 'Huari', 'Cerveza Premium Lager, cuerpo balanceado y espuma perfecta.', 12, 2, '', TRUE),
('CER-002', 'Chopp Paceña', 'Clásico Chopp Lager de barril, refrescante y ligero.', 12, 2, '', TRUE),
('CER-003', 'Sir Pieper Light', 'Cerveza ligera con lúpulo alemán, aromas florales.', 12, 2, '', TRUE),
('CER-004', 'Sir Pieper Barba Roja', 'Cerveza de cuerpo denso con notas de madera y caramelo.', 12, 2, '', TRUE),
('CER-005', 'Corona', 'Clásico Lager importado, suave y refrescante.', 12, 2, '', TRUE),
('CER-006', 'Balde de Corona', 'Baldes de cerveza Corona (5 unidades).', 12, 5, '', TRUE),
('CER-007', 'Balde de Huari', 'Baldes de cerveza Huari (5 unidades).', 12, 5, '', TRUE);
-- COCTELES 
INSERT INTO producto_final(codigo, nombre, descripcion, id_categoria, tiempo_preparacion, imagen_url, activo) VALUES
('COC-001', 'Gin Tonic', 'Cóctel clásico de ginebra y agua tónica.', 13, 5, '', TRUE),
('COC-002', 'Margarita', 'Tequila, triple sec, limón, azúcar y sal.', 13, 5, '', TRUE),
('COC-003', 'Caipirinha', 'Cachaza, limón y azúcar.', 13, 5, '', TRUE),
('COC-004', 'Mojito Gaira', 'Ron blanco, hierba buena, limón, azúcar y soda.', 13, 5, '', TRUE),
('COC-005', 'Chuflay', 'Singani, limón y ginger ale.', 13, 5, '', TRUE),
('COC-006', 'Aperol Spritz', 'Aperol, vino espumoso y soda.', 13, 5, '', TRUE),
('COC-007', 'Beer Margarita', 'Tequila, cerveza y sour mix.', 13, 5, '', TRUE),
('COC-008', 'Piña Colada', 'Ron blanco, malibú, piña, coco y azúcar.', 13, 6, '', TRUE),
('COC-009', 'Pink Tonic', 'Gin, frutilla, jarabe de frutos rojos y agua tónica.', 13, 5, '', TRUE),
('COC-010', 'Berry Mojito', 'Ron blanco, hierba buena, jarabe de frutos rojos, limón y soda.', 13, 5, '', TRUE);
-- SIN ALCOHOL
INSERT INTO producto_final(codigo, nombre, descripcion, id_categoria, tiempo_preparacion, imagen_url, activo) VALUES
('SIN-001', 'Jugo de Piña', 'Jugo natural de piña.', 14, 3, '', TRUE),
('SIN-002', 'Jugo de Frutilla', 'Jugo natural de frutilla.', 14, 3, '', TRUE),
('SIN-003', 'Jugo de Maracuyá', 'Jugo natural de maracuyá.', 14, 3, '', TRUE),
('SIN-004', 'Soda de Maracuyá', 'Jarabe artesanal de maracuyá y soda.', 14, 3, '', TRUE),
('SIN-005', 'Soda de Frutos Rojos', 'Jarabe artesanal de frutos rojos, limón y soda.', 14, 3, '', TRUE),
('SIN-006', 'Limonada de la Buena', 'Limonada con hierba buena.', 14, 3, '', TRUE),
('SIN-007', 'Ice Tea', 'Té negro con limón y azúcar.', 14, 3, '', TRUE),
('SIN-008', 'Mojito Virgen', 'Mocktail de hierba buena, limón, azúcar y soda.', 14, 4, '', TRUE),
('SIN-009', 'Agua', 'Agua embotellada.', 14, 1, '', TRUE),
('SIN-010', 'Agua con Gas', 'Agua con gas embotellada.', 14, 1, '', TRUE),
('SIN-011', 'Gaseosas', 'Variedades de gaseosas embotelladas.', 14, 1, '', TRUE);
-- BOTELLAS
INSERT INTO producto_final(codigo, nombre, descripcion, id_categoria, tiempo_preparacion, imagen_url, activo) VALUES
('BOT-001', 'Whisky Johnnie Walker Black', 'Whisky en botella, servido por copa o botella completa.', 15, 2, '', TRUE),
('BOT-002', 'Tequila', 'Tequila servido por botella completa.', 15, 2, '', TRUE),
('BOT-003', 'Vino Aranjuez Duo Tannat Merlot', 'Vino boliviano Aranjuez Duo Tannat Merlot, botella de 750ml.', 15, 2, '', TRUE);
-- HELADOS 
INSERT INTO producto_final(codigo, nombre, descripcion, id_categoria, tiempo_preparacion, imagen_url, activo) VALUES
('HEL-001', 'Helado de Vainilla', 'Porción de helado de vainilla cremosa.', 16, 3, '', TRUE),
('HEL-002', 'Helado de Chocolate', 'Porción de helado de chocolate intenso.', 16, 3, '', TRUE),
('HEL-003', 'Helado de Frutilla', 'Porción de helado de frutilla fresca.', 16, 3, '', TRUE),
('HEL-004', 'Helado de Maracuyá', 'Porción de helado tropical de maracuyá.', 16, 3, '', TRUE),
('HEL-005', 'Helado de Coco', 'Porción de helado cremoso de coco.', 16, 3, '', TRUE),
('HEL-006', 'Helado de Dulce de Leche', 'Porción de helado de dulce de leche artesanal.', 16, 3, '', TRUE);

SELECT *
FROM producto_final;


-- VEGETALES
INSERT INTO inventario(codigo, nombre, descripcion, unidad_medida, marca, es_rehutilizable, activo, fecha_creacion) VALUES
('INV-001', 'Papa', 'Papa fresca para frituras y acompañamientos.', 'KG', 'Verduras Frescas SRL', FALSE, TRUE, CURRENT_TIMESTAMP),
('INV-002', 'Tomate', 'Tomate fresco para hamburguesas y ensaladas.', 'KG', 'Verduras Frescas SRL', FALSE, TRUE, CURRENT_TIMESTAMP),
('INV-003', 'Cebolla', 'Cebolla blanca para sofritos y ensaladas.', 'KG', 'Verduras Frescas SRL', FALSE, TRUE, CURRENT_TIMESTAMP),
('INV-004', 'Lechuga', 'Lechuga hidropónica para hamburguesas y acompañamientos.', 'KG', 'Verduras Frescas SRL', FALSE, TRUE, CURRENT_TIMESTAMP),
('INV-005', 'Hierba Buena', 'Hierba buena fresca para mojitos y limonadas.', 'GRAMO', 'Verduras Frescas SRL', FALSE, TRUE, CURRENT_TIMESTAMP),
('INV-006', 'Frutilla', 'Frutilla fresca para jugos y postres.', 'KG', 'Verduras Frescas SRL', FALSE, TRUE, CURRENT_TIMESTAMP),
('INV-007', 'Piña', 'Piña fresca para jugos y cocteles.', 'KG', 'Verduras Frescas SRL', FALSE, TRUE, CURRENT_TIMESTAMP),
('INV-008', 'Maracuyá', 'Maracuyá fresco para jugos y sodas.', 'KG', 'Verduras Frescas SRL', FALSE, TRUE, CURRENT_TIMESTAMP),
('INV-009', 'Limón', 'Limón fresco para jugos y cocteles.', 'KG', 'Verduras Frescas SRL', FALSE, TRUE, CURRENT_TIMESTAMP),
('INV-010', 'Coco', 'Pulpa de coco para postres y piña colada.', 'KG', 'Verduras Frescas SRL', FALSE, TRUE, CURRENT_TIMESTAMP);

-- CARNES
INSERT INTO inventario(codigo, nombre, descripcion, unidad_medida, marca, es_rehutilizable, activo, fecha_creacion) VALUES
('INV-011', 'Carne de Res', 'Carne molida y desmechada para hamburguesas y empanadas.', 'KG', 'Sofia', FALSE, TRUE, CURRENT_TIMESTAMP),
('INV-012', 'Tocino', 'Tocino para hamburguesas y papas.', 'KG', 'Sofia', FALSE, TRUE, CURRENT_TIMESTAMP),
('INV-013', 'Salchicha Frankfurt', 'Salchicha para hot dogs.', 'KG', 'Sofia', FALSE, TRUE, CURRENT_TIMESTAMP);

-- LACTEOS
INSERT INTO inventario(codigo, nombre, descripcion, unidad_medida, marca, es_rehutilizable, activo, fecha_creacion) VALUES
('INV-014', 'Queso Mozzarella', 'Queso para hamburguesas y patacones.', 'KG', 'PIL', FALSE, TRUE, CURRENT_TIMESTAMP),
('INV-015', 'Queso Cheddar', 'Queso cheddar para hamburguesas y papas.', 'KG', 'PIL', FALSE, TRUE, CURRENT_TIMESTAMP),
('INV-016', 'Mantequilla', 'Mantequilla para papas y salsas.', 'KG', 'Lácteos Andinos', FALSE, TRUE, CURRENT_TIMESTAMP);

-- PANADERIA
INSERT INTO inventario(codigo, nombre, descripcion, unidad_medida, marca, es_rehutilizable, activo, fecha_creacion) VALUES
('INV-017', 'Pan Artesanal', 'Pan para hamburguesas.', 'KG', 'Panadería San Jorge', FALSE, TRUE, CURRENT_TIMESTAMP),
('INV-018', 'Pan Hot Dog', 'Pan para perros calientes.', 'KG', 'Panadería San Jorge', FALSE, TRUE, CURRENT_TIMESTAMP);

-- MATERIA PRIMA
INSERT INTO inventario(codigo, nombre, descripcion, unidad_medida, marca, es_rehutilizable, activo, fecha_creacion) VALUES
('INV-019', 'Base de Helado', 'Base de helado para sabores.', 'KG', 'Heladería Tropical', FALSE, TRUE, CURRENT_TIMESTAMP);

-- BEBIDAS
INSERT INTO inventario(codigo, nombre, descripcion, unidad_medida, marca, es_rehutilizable, activo, fecha_creacion) VALUES
('INV-020', 'Ron Blanco', 'Base para mojitos y piña colada.', 'LITRO', 'Distribuidora La Estrella', FALSE, TRUE, CURRENT_TIMESTAMP),
('INV-021', 'Tequila', 'Base para margaritas y shots.', 'LITRO', 'Distribuidora La Estrella', FALSE, TRUE, CURRENT_TIMESTAMP),
('INV-022', 'Singani', 'Base para chuflay.', 'LITRO', 'Distribuidora La Estrella', FALSE, TRUE, CURRENT_TIMESTAMP),
('INV-023', 'Gin', 'Base para gin tonic y cocteles.', 'LITRO', 'Distribuidora La Estrella', FALSE, TRUE, CURRENT_TIMESTAMP),
('INV-024', 'Aperol', 'Base para Aperol Spritz.', 'LITRO', 'Distribuidora La Estrella', FALSE, TRUE, CURRENT_TIMESTAMP),
('INV-025', 'Cerveza Huari', 'Cerveza nacional.', 'LITRO', 'Distribuidora La Estrella', FALSE, TRUE, CURRENT_TIMESTAMP),
('INV-026', 'Cerveza Corona', 'Cerveza importada.', 'LITRO', 'Distribuidora La Estrella', FALSE, TRUE, CURRENT_TIMESTAMP),
('INV-027', 'Hielo', 'Hielo en cubos para bebidas.', 'KG', 'Distribuidora La Estrella', FALSE, TRUE, CURRENT_TIMESTAMP);

-- DESCARTABLES / LIMPIEZA
INSERT INTO inventario(codigo, nombre, descripcion, unidad_medida, marca, es_rehutilizable, activo, fecha_creacion) VALUES
('INV-028', 'Servilletas', 'Servilletas de papel para mesas.', 'GRAMO', 'CleanBol', FALSE, TRUE, CURRENT_TIMESTAMP),
('INV-029', 'Bombillas', 'Bombillas plásticas para bebidas.', 'GRAMO', 'CleanBol', FALSE, TRUE, CURRENT_TIMESTAMP),
('INV-030', 'Vasos Plásticos', 'Vasos descartables para jugos y sodas.', 'GRAMO', 'CleanBol', FALSE, TRUE, CURRENT_TIMESTAMP),
('INV-031', 'Platos Plásticos', 'Platos descartables para postres.', 'GRAMO', 'CleanBol', FALSE, TRUE, CURRENT_TIMESTAMP),
('INV-032', 'Detergente Líquido', 'Detergente para limpieza de cocina.', 'LITRO', 'CleanBol', FALSE, TRUE, CURRENT_TIMESTAMP),
('INV-033', 'Desinfectante', 'Desinfectante para mesas y pisos.', 'LITRO', 'CleanBol', FALSE, TRUE, CURRENT_TIMESTAMP),
('INV-034', 'Guantes de Limpieza', 'Guantes reutilizables para limpieza.', 'GRAMO', 'CleanBol', TRUE, TRUE, CURRENT_TIMESTAMP),
('INV-035', 'Trapos de Cocina', 'Trapos de limpieza y secado.', 'GRAMO', 'CleanBol', TRUE, TRUE, CURRENT_TIMESTAMP);

-- ALMACEN SECO / VARIOS
INSERT INTO inventario(codigo, nombre, descripcion, unidad_medida, marca, es_rehutilizable, activo, fecha_creacion) VALUES
('INV-036', 'Salsa BBQ', 'Salsa BBQ de la casa.', 'LITRO', 'Importadora Multiservicios', FALSE, TRUE, CURRENT_TIMESTAMP),
('INV-037', 'Salsa Tártara', 'Salsa tártara Gaira.', 'LITRO', 'Importadora Multiservicios', FALSE, TRUE, CURRENT_TIMESTAMP),
('INV-038', 'Salsa de Piña', 'Salsa dulce de piña.', 'LITRO', 'Importadora Multiservicios', FALSE, TRUE, CURRENT_TIMESTAMP),
('INV-039', 'Mayonesa', 'Mayonesa para hamburguesas y perros.', 'LITRO', 'Importadora Multiservicios', FALSE, TRUE, CURRENT_TIMESTAMP),
('INV-040', 'Mostaza', 'Mostaza amarilla.', 'LITRO', 'Importadora Multiservicios', FALSE, TRUE, CURRENT_TIMESTAMP),
('INV-041', 'Ketchup', 'Ketchup clásico.', 'LITRO', 'Importadora Multiservicios', FALSE, TRUE, CURRENT_TIMESTAMP),
('INV-042', 'Sour Mix', 'Mezcla ácida para cocteles.', 'LITRO', 'Importadora Multiservicios', FALSE, TRUE, CURRENT_TIMESTAMP),
('INV-043', 'Jarabe de Frutos Rojos', 'Jarabe artesanal de frutos rojos.', 'LITRO', 'Importadora Multiservicios', FALSE, TRUE, CURRENT_TIMESTAMP),
('INV-044', 'Jarabe de Maracuyá', 'Jarabe artesanal de maracuyá.', 'LITRO', 'Importadora Multiservicios', FALSE, TRUE, CURRENT_TIMESTAMP),
('INV-045', 'Agua Embotellada', 'Agua sin gas embotellada.', 'LITRO', 'Importadora Multiservicios', FALSE, TRUE, CURRENT_TIMESTAMP),
('INV-046', 'Agua con Gas', 'Agua con gas embotellada.', 'LITRO', 'Importadora Multiservicios', FALSE, TRUE, CURRENT_TIMESTAMP),
('INV-047', 'Sprite 500ml', 'Botella de gaseosa Sprite 500 ml.', 'ML', 'Importadora Multiservicios', FALSE, TRUE, CURRENT_TIMESTAMP),
('INV-048', 'Coca Cola 500ml', 'Botella de gaseosa Coca Cola 500 ml.', 'ML', 'Importadora Multiservicios', FALSE, TRUE, CURRENT_TIMESTAMP),
('INV-049', 'Coca Cola Zero 500ml', 'Botella de gaseosa Coca Cola Zero 500 ml.', 'ML', 'Importadora Multiservicios', FALSE, TRUE, CURRENT_TIMESTAMP),
('INV-050', 'Fanta Naranja 500ml', 'Botella de gaseosa Fanta sabor naranja 500 ml.', 'ML', 'Importadora Multiservicios', FALSE, TRUE, CURRENT_TIMESTAMP),
('INV-051', 'Fanta Papaya 500ml', 'Botella de gaseosa Fanta sabor papaya 500 ml.', 'ML', 'Importadora Multiservicios', FALSE, TRUE, CURRENT_TIMESTAMP),
('INV-052', 'Fanta Guaraná 500ml', 'Botella de gaseosa Fanta sabor guaraná 500 ml.', 'ML', 'Importadora Multiservicios', FALSE, TRUE, CURRENT_TIMESTAMP);

SELECT *
FROM inventario;

-- Receta Empanadas Colombianas
INSERT INTO receta (id_producto_final, nombre, descripcion, tiempo_preparacion, instrucciones, costo_total, activo)
VALUES
(1, 'Receta Empanadas Colombianas',
 'Empanadas de maíz amarillo rellenas de carne desmechada, acompañadas de ají Gaira.',
 15,
 '1. Preparar la masa con harina de maíz amarillo.
  2. Cocinar y desmechar la carne de res.
  3. Rellenar las empanadas con carne y cebolla sofrita.
  4. Freír en aceite caliente hasta dorar.
  5. Servir con ají Gaira.',
 20.00, TRUE);

-- Receta Chicharrón Paisa
INSERT INTO receta (id_producto_final, nombre, descripcion, tiempo_preparacion, instrucciones, costo_total, activo)
VALUES
(2, 'Receta Chicharrón Paisa',
 'Panceta de cerdo crocante en cocción lenta, frita y acompañada de patacones.',
 20,
 '1. Cocinar lentamente la panceta de cerdo hasta ablandar.
  2. Freír la panceta hasta que quede crocante.
  3. Preparar patacones fritos.
  4. Servir juntos con acompañamientos.',
 28.00, TRUE);

-- Receta Tocino Apanado
INSERT INTO receta (id_producto_final, nombre, descripcion, tiempo_preparacion, instrucciones, costo_total, activo)
VALUES
(3, 'Receta Tocino Apanado',
 'Tocino apanado crocante con salsa BBQ de la casa y papas fritas.',
 20,
 '1. Cortar el tocino en porciones.
  2. Apanar con harina y freír hasta crocante.
  3. Preparar papas fritas clásicas.
  4. Servir con salsa BBQ.',
 30.00, TRUE);

 -- Receta Papas Fritas Clásicas
INSERT INTO receta (id_producto_final, nombre, descripcion, tiempo_preparacion, instrucciones, costo_total, activo)
VALUES
(4, 'Receta Papas Fritas Clásicas',
 'Papas fritas tradicionales.',
 10,
 '1. Pelar y cortar las papas en bastones.
  2. Freír en aceite caliente hasta dorar.
  3. Escurrir y sazonar con sal.',
 10.00, TRUE);

-- Receta Papas Fritas con Ajo
INSERT INTO receta (id_producto_final, nombre, descripcion, tiempo_preparacion, instrucciones, costo_total, activo)
VALUES
(5, 'Receta Papas Fritas con Ajo',
 'Papas fritas acompañadas de un mix de ajo, cilantro y mantequilla.',
 12,
 '1. Pelar y cortar las papas en bastones.
  2. Freír en aceite caliente hasta dorar.
  3. Preparar mezcla de ajo, cilantro y mantequilla.
  4. Mezclar las papas fritas con el aderezo.',
 12.00, TRUE);

-- Receta Papas Cheddar Extreme
INSERT INTO receta (id_producto_final, nombre, descripcion, tiempo_preparacion, instrucciones, costo_total, activo)
VALUES
(6, 'Receta Papas Cheddar Extreme',
 'Papas fritas con tocino crispy y salsa cheddar extreme.',
 15,
 '1. Pelar y cortar las papas en bastones.
  2. Freír en aceite caliente hasta dorar.
  3. Preparar salsa cheddar y freír tocino crispy.
  4. Servir las papas con queso cheddar y tocino encima.',
 15.00, TRUE);

-- Receta Patacón con Queso Mozzarella
INSERT INTO receta (id_producto_final, nombre, descripcion, tiempo_preparacion, instrucciones, costo_total, activo)
VALUES
(7, 'Receta Patacón con Queso Mozzarella',
 'Patacones crocantes con queso mozzarella (4 ud).',
 12,
 '1. Pelar y cortar plátanos verdes en rodajas.
  2. Freír las rodajas y aplastarlas para formar patacones.
  3. Volver a freír hasta crocantes.
  4. Cubrir con queso mozzarella y gratinar.',
 15.00, TRUE);

-- Receta Patacón con Hogao
INSERT INTO receta (id_producto_final, nombre, descripcion, tiempo_preparacion, instrucciones, costo_total, activo)
VALUES
(8, 'Receta Patacón con Hogao',
 'Patacones crocantes con hogao (4 ud).',
 12,
 '1. Pelar y cortar plátanos verdes en rodajas.
  2. Freír las rodajas y aplastarlas para formar patacones.
  3. Volver a freír hasta crocantes.
  4. Preparar hogao con cebolla, tomate y especias.
  5. Servir los patacones con hogao encima.',
 14.00, TRUE);

-- Receta Hamburguesa Clásica
INSERT INTO receta (id_producto_final, nombre, descripcion, tiempo_preparacion, instrucciones, costo_total, activo)
VALUES
(9, 'Receta Hamburguesa Clásica',
 'Pan artesanal, carne 180gr, queso mozzarella, tomate, cebolla y lechuga hidropónica.',
 20,
 '1. Cocinar la carne de res a la plancha.
  2. Tostar el pan artesanal.
  3. Armar la hamburguesa con queso mozzarella, tomate, cebolla y lechuga.
  4. Servir caliente.',
 25.00, TRUE);

-- Receta Hamburguesa Yankee
INSERT INTO receta (id_producto_final, nombre, descripcion, tiempo_preparacion, instrucciones, costo_total, activo)
VALUES
(10, 'Receta Hamburguesa Yankee',
 'Pan artesanal, carne 180gr, queso mozzarella, doble cheddar, tocino y pepinillos.',
 20,
 '1. Cocinar la carne de res a la plancha.
  2. Tostar el pan artesanal.
  3. Armar la hamburguesa con queso mozzarella, doble cheddar, tocino y pepinillos.
  4. Servir caliente.',
 30.00, TRUE);

 -- Receta Perro Bacon Cheese
INSERT INTO receta (id_producto_final, nombre, descripcion, tiempo_preparacion, instrucciones, costo_total, activo)
VALUES
(11, 'Receta Perro Bacon Cheese',
 'Salchicha Frankfurt al vapor con doble lámina de queso cheddar y tocino crispy.',
 15,
 '1. Cocinar la salchicha Frankfurt al vapor.
  2. Calentar el pan de hot dog.
  3. Armar el perro con doble lámina de queso cheddar y tocino crispy.
  4. Servir caliente.',
 22.00, TRUE);

-- Receta Perro Gaira
INSERT INTO receta (id_producto_final, nombre, descripcion, tiempo_preparacion, instrucciones, costo_total, activo)
VALUES
(12, 'Receta Perro Gaira',
 'Salchicha Frankfurt al vapor con cebolla, tártara Gaira, papa ripio, tocino y salsa de piña.',
 15,
 '1. Cocinar la salchicha Frankfurt al vapor.
  2. Calentar el pan de hot dog.
  3. Armar el perro con cebolla, tártara Gaira, papa ripio, tocino y salsa de piña.
  4. Servir caliente.',
 25.00, TRUE);

 -- Receta Huari
INSERT INTO receta (id_producto_final, nombre, descripcion, tiempo_preparacion, instrucciones, costo_total, activo)
VALUES
(13, 'Receta Huari',
 'Cerveza Premium Lager, cuerpo balanceado y espuma perfecta.',
 2,
 '1. Servir la cerveza Huari fría en vaso o jarra.',
 8.00, TRUE);

-- Receta Chopp Paceña
INSERT INTO receta (id_producto_final, nombre, descripcion, tiempo_preparacion, instrucciones, costo_total, activo)
VALUES
(14, 'Receta Chopp Paceña',
 'Clásico Chopp Lager de barril, refrescante y ligero.',
 2,
 '1. Servir la cerveza Paceña fría en vaso o jarra.',
 8.00, TRUE);

-- Receta Sir Pieper Light
INSERT INTO receta (id_producto_final, nombre, descripcion, tiempo_preparacion, instrucciones, costo_total, activo)
VALUES
(15, 'Receta Sir Pieper Light',
 'Cerveza ligera con lúpulo alemán, aromas florales.',
 2,
 '1. Servir la cerveza Sir Pieper Light fría en vaso o jarra.',
 10.00, TRUE);

-- Receta Sir Pieper Barba Roja
INSERT INTO receta (id_producto_final, nombre, descripcion, tiempo_preparacion, instrucciones, costo_total, activo)
VALUES
(16, 'Receta Sir Pieper Barba Roja',
 'Cerveza de cuerpo denso con notas de madera y caramelo.',
 2,
 '1. Servir la cerveza Sir Pieper Barba Roja fría en vaso o jarra.',
 10.00, TRUE);

-- Receta Corona
INSERT INTO receta (id_producto_final, nombre, descripcion, tiempo_preparacion, instrucciones, costo_total, activo)
VALUES
(17, 'Receta Corona',
 'Clásico Lager importado, suave y refrescante.',
 2,
 '1. Servir la cerveza Corona fría en vaso o jarra.',
 9.00, TRUE);

-- Receta Balde de Corona
INSERT INTO receta (id_producto_final, nombre, descripcion, tiempo_preparacion, instrucciones, costo_total, activo)
VALUES
(18, 'Receta Balde de Corona',
 'Baldes de cerveza Corona (5 unidades).',
 5,
 '1. Servir 5 botellas de Corona frías en balde con hielo.',
 35.00, TRUE);

-- Receta Balde de Huari
INSERT INTO receta (id_producto_final, nombre, descripcion, tiempo_preparacion, instrucciones, costo_total, activo)
VALUES
(19, 'Receta Balde de Huari',
 'Baldes de cerveza Huari (5 unidades).',
 5,
 '1. Servir 5 botellas de Huari frías en balde con hielo.',
 35.00, TRUE);
 
 -- Receta Gin Tonic
INSERT INTO receta (id_producto_final, nombre, descripcion, tiempo_preparacion, instrucciones, costo_total, activo)
VALUES
(20, 'Receta Gin Tonic',
 'Cóctel clásico de ginebra y agua tónica.',
 5,
 '1. Servir gin en vaso con hielo.
  2. Completar con agua tónica.
  3. Decorar con rodaja de limón.',
 15.00, TRUE);

-- Receta Margarita
INSERT INTO receta (id_producto_final, nombre, descripcion, tiempo_preparacion, instrucciones, costo_total, activo)
VALUES
(21, 'Receta Margarita',
 'Tequila, triple sec, limón, azúcar y sal.',
 5,
 '1. Mezclar tequila, triple sec y jugo de limón.
  2. Añadir azúcar y agitar con hielo.
  3. Servir en copa escarchada con sal.',
 18.00, TRUE);

-- Receta Caipirinha
INSERT INTO receta (id_producto_final, nombre, descripcion, tiempo_preparacion, instrucciones, costo_total, activo)
VALUES
(22, 'Receta Caipirinha',
 'Cachaza, limón y azúcar.',
 5,
 '1. Machacar limón con azúcar.
  2. Añadir cachaza y hielo.
  3. Servir en vaso corto.',
 15.00, TRUE);

-- Receta Mojito Gaira
INSERT INTO receta (id_producto_final, nombre, descripcion, tiempo_preparacion, instrucciones, costo_total, activo)
VALUES
(23, 'Receta Mojito Gaira',
 'Ron blanco, hierba buena, limón, azúcar y soda.',
 5,
 '1. Machacar hierba buena con azúcar y limón.
  2. Añadir ron blanco y hielo.
  3. Completar con soda.',
 16.00, TRUE);

-- Receta Chuflay
INSERT INTO receta (id_producto_final, nombre, descripcion, tiempo_preparacion, instrucciones, costo_total, activo)
VALUES
(24, 'Receta Chuflay',
 'Singani, limón y ginger ale.',
 5,
 '1. Servir singani con jugo de limón.
  2. Completar con ginger ale y hielo.',
 14.00, TRUE);

-- Receta Aperol Spritz
INSERT INTO receta (id_producto_final, nombre, descripcion, tiempo_preparacion, instrucciones, costo_total, activo)
VALUES
(25, 'Receta Aperol Spritz',
 'Aperol, vino espumoso y soda.',
 5,
 '1. Servir Aperol en copa con hielo.
  2. Añadir vino espumoso.
  3. Completar con soda.',
 20.00, TRUE);

-- Receta Beer Margarita
INSERT INTO receta (id_producto_final, nombre, descripcion, tiempo_preparacion, instrucciones, costo_total, activo)
VALUES
(26, 'Receta Beer Margarita',
 'Tequila, cerveza y sour mix.',
 5,
 '1. Mezclar tequila con sour mix.
  2. Añadir cerveza fría.
  3. Servir en vaso alto.',
 18.00, TRUE);

-- Receta Piña Colada
INSERT INTO receta (id_producto_final, nombre, descripcion, tiempo_preparacion, instrucciones, costo_total, activo)
VALUES
(27, 'Receta Piña Colada',
 'Ron blanco, malibú, piña, coco y azúcar.',
 6,
 '1. Licuar ron blanco, malibú, piña, coco y azúcar con hielo.
  2. Servir en copa alta.',
 20.00, TRUE);

-- Receta Pink Tonic
INSERT INTO receta (id_producto_final, nombre, descripcion, tiempo_preparacion, instrucciones, costo_total, activo)
VALUES
(28, 'Receta Pink Tonic',
 'Gin, frutilla, jarabe de frutos rojos y agua tónica.',
 5,
 '1. Servir gin con frutilla y jarabe de frutos rojos.
  2. Añadir hielo y completar con agua tónica.',
 18.00, TRUE);

-- Receta Berry Mojito
INSERT INTO receta (id_producto_final, nombre, descripcion, tiempo_preparacion, instrucciones, costo_total, activo)
VALUES
(29, 'Receta Berry Mojito',
 'Ron blanco, hierba buena, jarabe de frutos rojos, limón y soda.',
 5,
 '1. Machacar hierba buena con limón y jarabe de frutos rojos.
  2. Añadir ron blanco y hielo.
  3. Completar con soda.',
 18.00, TRUE);

 -- Receta Jugo de Piña
INSERT INTO receta (id_producto_final, nombre, descripcion, tiempo_preparacion, instrucciones, costo_total, activo)
VALUES
(30, 'Receta Jugo de Piña',
 'Jugo natural de piña.',
 3,
 '1. Pelar y cortar la piña.
  2. Licuar con agua y azúcar.
  3. Servir frío.',
 8.00, TRUE);

-- Receta Jugo de Frutilla
INSERT INTO receta (id_producto_final, nombre, descripcion, tiempo_preparacion, instrucciones, costo_total, activo) 
VALUES
(31, 'Receta Jugo de Frutilla',
 'Jugo natural de frutilla.',
 3,
 '1. Lavar y cortar frutillas.
  2. Licuar con agua y azúcar.
  3. Servir frío.',
 7.00, TRUE);

-- Receta Jugo de Maracuyá
INSERT INTO receta (id_producto_final, nombre, descripcion, tiempo_preparacion, instrucciones, costo_total, activo)
VALUES
(32, 'Receta Jugo de Maracuyá',
 'Jugo natural de maracuyá.',
 3,
 '1. Extraer pulpa de maracuyá.
  2. Licuar con agua y azúcar.
  3. Servir frío.',
 7.00, TRUE);

-- Receta Soda de Maracuyá
INSERT INTO receta (id_producto_final, nombre, descripcion, tiempo_preparacion, instrucciones, costo_total, activo)
VALUES
(33, 'Receta Soda de Maracuyá',
 'Jarabe artesanal de maracuyá y soda.',
 3,
 '1. Mezclar jarabe de maracuyá con soda.
  2. Servir con hielo.',
 9.00, TRUE);

-- Receta Soda de Frutos Rojos
INSERT INTO receta (id_producto_final, nombre, descripcion, tiempo_preparacion, instrucciones, costo_total, activo)
VALUES
(34, 'Receta Soda de Frutos Rojos',
 'Jarabe artesanal de frutos rojos, limón y soda.',
 3,
 '1. Mezclar jarabe de frutos rojos con soda y limón.
  2. Servir con hielo.',
 9.00, TRUE);

-- Receta Limonada de la Buena
INSERT INTO receta (id_producto_final, nombre, descripcion, tiempo_preparacion, instrucciones, costo_total, activo)
VALUES
(35, 'Receta Limonada de la Buena',
 'Limonada con hierba buena.',
 3,
 '1. Exprimir limón.
  2. Mezclar con agua, azúcar y hierba buena.
  3. Servir con hielo.',
 8.00, TRUE);

-- Receta Ice Tea
INSERT INTO receta (id_producto_final, nombre, descripcion, tiempo_preparacion, instrucciones, costo_total, activo)
VALUES
(36, 'Receta Ice Tea',
 'Té negro con limón y azúcar.',
 3,
 '1. Preparar té negro.
  2. Añadir jugo de limón y azúcar.
  3. Servir frío con hielo.',
 9.00, TRUE);

-- Receta Mojito Virgen
INSERT INTO receta (id_producto_final, nombre, descripcion, tiempo_preparacion, instrucciones, costo_total, activo) 
VALUES
(37, 'Receta Mojito Virgen',
 'Mocktail de hierba buena, limón, azúcar y soda.',
 4,
 '1. Machacar hierba buena con azúcar y limón.
  2. Añadir soda y hielo.
  3. Servir en vaso alto.',
 10.00, TRUE);

-- Receta Agua
INSERT INTO receta (id_producto_final, nombre, descripcion, tiempo_preparacion, instrucciones, costo_total, activo)
VALUES
(38, 'Receta Agua',
 'Agua embotellada.',
 1,
 '1. Servir agua fría en vaso.',
 4.00, TRUE);

-- Receta Agua con Gas
INSERT INTO receta (id_producto_final, nombre, descripcion, tiempo_preparacion, instrucciones, costo_total, activo)
VALUES
(39, 'Receta Agua con Gas',
 'Agua con gas embotellada.',
 1,
 '1. Servir agua con gas fría en vaso.',
 4.00, TRUE);

-- Receta Gaseosas
INSERT INTO receta (id_producto_final, nombre, descripcion, tiempo_preparacion, instrucciones, costo_total, activo)
VALUES
(40, 'Receta Gaseosas',
 'Variedades de gaseosas embotelladas.',
 1,
 '1. Servir gaseosa fría en vaso.',
 7.00, TRUE);

 -- Receta Whisky Johnnie Walker Black
INSERT INTO receta (id_producto_final, nombre, descripcion, tiempo_preparacion, instrucciones, costo_total, activo)
VALUES
(41, 'Receta Whisky Johnnie Walker Black',
 'Whisky en botella, servido por copa o botella completa.',
 2,
 '1. Servir whisky en copa con hielo o entregar botella completa.',
 80.00, TRUE);

-- Receta Tequila
INSERT INTO receta (id_producto_final, nombre, descripcion, tiempo_preparacion, instrucciones, costo_total, activo)
VALUES
(42, 'Receta Tequila',
 'Tequila servido por botella completa.',
 2,
 '1. Servir tequila en copa o entregar botella completa.',
 60.00, TRUE);

-- Receta Vino Aranjuez Duo Tannat Merlot
INSERT INTO receta (id_producto_final, nombre, descripcion, tiempo_preparacion, instrucciones, costo_total, activo)
VALUES
(43, 'Receta Vino Aranjuez Duo Tannat Merlot',
 'Vino boliviano Aranjuez Duo Tannat Merlot, botella de 750ml.',
 2,
 '1. Servir vino en copa o entregar botella completa.',
 50.00, TRUE);

 -- Receta Helado de Vainilla
INSERT INTO receta (id_producto_final, nombre, descripcion, tiempo_preparacion, instrucciones, costo_total, activo)
VALUES
(44, 'Receta Helado de Vainilla',
 'Porción de helado de vainilla cremosa.',
 3,
 'Servir el helado de vainilla.',
 8.00, TRUE);

-- Receta Helado de Chocolate
INSERT INTO receta (id_producto_final, nombre, descripcion, tiempo_preparacion, instrucciones, costo_total, activo)
VALUES
(45, 'Receta Helado de Chocolate',
 'Porción de helado de chocolate intenso.',
 3,
 'Servir el helado de chocolate.',
 8.00, TRUE);

-- Receta Helado de Frutilla
INSERT INTO receta (id_producto_final, nombre, descripcion, tiempo_preparacion, instrucciones, costo_total, activo)
VALUES
(46, 'Receta Helado de Frutilla',
 'Porción de helado de frutilla fresca.',
 3,
 'Servir el helado de frutilla.',
 9.00, TRUE);

-- Receta Helado de Maracuyá
INSERT INTO receta (id_producto_final, nombre, descripcion, tiempo_preparacion, instrucciones, costo_total, activo)
VALUES
(47, 'Receta Helado de Maracuyá',
 'Porción de helado tropical de maracuyá.',
 3,
 'Servir el helado de maracuyá.',
 9.00, TRUE);

-- Receta Helado de Coco
INSERT INTO receta (id_producto_final, nombre, descripcion, tiempo_preparacion, instrucciones, costo_total, activo)
VALUES
(48, 'Receta Helado de Coco',
 'Porción de helado cremoso de coco.',
 3,
 'Servir el helado de coco.',
 10.00, TRUE);

-- Receta Helado de Dulce de Leche
INSERT INTO receta (id_producto_final, nombre, descripcion, tiempo_preparacion, instrucciones, costo_total, activo)
VALUES
(49, 'Receta Helado de Dulce de Leche',
 'Porción de helado de dulce de leche artesanal.',
 3,
 'Servir el helado de dulce de leche.',
 10.00, TRUE);

 SELECT *
 FROM receta;
 

 -- Ingredientes Empanadas Colombianas (id_receta = 1)
INSERT INTO ingrediente_receta (id_receta, id_inventario, cantidad, unidad_medida, notas)
VALUES
(1, 11, 0.200, 'KG', 'Carne de Res desmechada'),
(1, 3, 0.050, 'KG', 'Cebolla sofrita'),
(1, 20, 0.010, 'KG', 'Sal fina'),
(1, 21, 0.100, 'LITRO', 'Aceite para freír'),
(1, 37, 0.050, 'LITRO', 'Salsa tártara o ají Gaira');

-- Ingredientes Chicharrón Paisa (id_receta = 2)
INSERT INTO ingrediente_receta (id_receta, id_inventario, cantidad, unidad_medida, notas)
VALUES
(2, 12, 0.250, 'KG', 'Panceta de cerdo'),
(2, 21, 0.150, 'LITRO', 'Aceite para freír'),
(2, 1, 0.200, 'KG', 'Papa para patacones'),
(2, 20, 0.010, 'KG', 'Sal fina');

-- Ingredientes Tocino Apanado (id_receta = 3)
INSERT INTO ingrediente_receta (id_receta, id_inventario, cantidad, unidad_medida, notas)
VALUES
(3, 12, 0.200, 'KG', 'Tocino en trozos'),
(3, 21, 0.100, 'LITRO', 'Aceite para freír'),
(3, 1, 0.150, 'KG', 'Papa para fritas'),
(3, 36, 0.050, 'LITRO', 'Salsa BBQ de la casa'),
(3, 20, 0.005, 'KG', 'Sal fina');

-- Ingredientes Papas Fritas Clásicas (id_receta = 4)
INSERT INTO ingrediente_receta (id_receta, id_inventario, cantidad, unidad_medida, notas)
VALUES
(4, 1, 0.200, 'KG', 'Papa fresca'),
(4, 21, 0.100, 'LITRO', 'Aceite para freír'),
(4, 20, 0.005, 'KG', 'Sal fina');

-- Ingredientes Papas Fritas con Ajo (id_receta = 5)
INSERT INTO ingrediente_receta (id_receta, id_inventario, cantidad, unidad_medida, notas)
VALUES
(5, 1, 0.200, 'KG', 'Papa fresca'),
(5, 21, 0.100, 'LITRO', 'Aceite para freír'),
(5, 20, 0.005, 'KG', 'Sal fina'),
(5, 16, 0.020, 'KG', 'Mantequilla'),
(5, 3, 0.020, 'KG', 'Ajo picado'),
(5, 4, 0.010, 'KG', 'Cilantro fresco');

-- Ingredientes Papas Cheddar Extreme (id_receta = 6)
INSERT INTO ingrediente_receta (id_receta, id_inventario, cantidad, unidad_medida, notas)
VALUES
(6, 1, 0.200, 'KG', 'Papa fresca'),
(6, 21, 0.100, 'LITRO', 'Aceite para freír'),
(6, 20, 0.005, 'KG', 'Sal fina'),
(6, 15, 0.050, 'KG', 'Queso Cheddar'),
(6, 12, 0.030, 'KG', 'Tocino crispy');

-- Ingredientes Patacón con Queso Mozzarella (id_receta = 7)
INSERT INTO ingrediente_receta (id_receta, id_inventario, cantidad, unidad_medida, notas)
VALUES
(7, 1, 0.200, 'KG', 'Plátano verde para patacones'),
(7, 21, 0.100, 'LITRO', 'Aceite para freír'),
(7, 14, 0.050, 'KG', 'Queso Mozzarella'),
(7, 20, 0.005, 'KG', 'Sal fina');

-- Ingredientes Patacón con Hogao (id_receta = 8)
INSERT INTO ingrediente_receta (id_receta, id_inventario, cantidad, unidad_medida, notas)
VALUES
(8, 1, 0.200, 'KG', 'Plátano verde para patacones'),
(8, 21, 0.100, 'LITRO', 'Aceite para freír'),
(8, 3, 0.050, 'KG', 'Cebolla picada'),
(8, 2, 0.050, 'KG', 'Tomate picado'),
(8, 20, 0.005, 'KG', 'Sal fina');

-- Ingredientes Hamburguesa Clásica (id_receta = 9)
INSERT INTO ingrediente_receta (id_receta, id_inventario, cantidad, unidad_medida, notas)
VALUES
(9, 11, 0.180, 'KG', 'Carne de Res'),
(9, 17, 0.100, 'KG', 'Pan Artesanal'),
(9, 14, 0.050, 'KG', 'Queso Mozzarella'),
(9, 2, 0.030, 'KG', 'Tomate en rodajas'),
(9, 3, 0.020, 'KG', 'Cebolla en rodajas'),
(9, 4, 0.020, 'KG', 'Lechuga hidropónica'),
(9, 20, 0.005, 'KG', 'Sal fina'),
(9, 21, 0.010, 'LITRO', 'Aceite para plancha');

-- Ingredientes Hamburguesa Yankee (id_receta = 10)
INSERT INTO ingrediente_receta (id_receta, id_inventario, cantidad, unidad_medida, notas)
VALUES
(10, 11, 0.180, 'KG', 'Carne de Res'),
(10, 17, 0.100, 'KG', 'Pan Artesanal'),
(10, 14, 0.050, 'KG', 'Queso Mozzarella'),
(10, 15, 0.100, 'KG', 'Queso Cheddar doble'),
(10, 12, 0.030, 'KG', 'Tocino crispy'),
(10, 11, 0.020, 'KG', 'Pepinillos en rodajas'),
(10, 20, 0.005, 'KG', 'Sal fina'),
(10, 21, 0.010, 'LITRO', 'Aceite para plancha');

-- Ingredientes Perro Bacon Cheese (id_receta = 11)
INSERT INTO ingrediente_receta (id_receta, id_inventario, cantidad, unidad_medida, notas)
VALUES
(11, 13, 0.120, 'KG', 'Salchicha Frankfurt'),
(11, 18, 0.080, 'KG', 'Pan Hot Dog'),
(11, 15, 0.080, 'KG', 'Queso Cheddar doble'),
(11, 12, 0.030, 'KG', 'Tocino crispy'),
(11, 20, 0.005, 'KG', 'Sal fina');

-- Ingredientes Perro Gaira (id_receta = 12)
INSERT INTO ingrediente_receta (id_receta, id_inventario, cantidad, unidad_medida, notas)
VALUES
(12, 13, 0.120, 'KG', 'Salchicha Frankfurt'),
(12, 18, 0.080, 'KG', 'Pan Hot Dog'),
(12, 3, 0.030, 'KG', 'Cebolla picada'),
(12, 37, 0.050, 'LITRO', 'Salsa Tártara Gaira'),
(12, 1, 0.050, 'KG', 'Papa ripio frita'),
(12, 12, 0.030, 'KG', 'Tocino crispy'),
(12, 38, 0.050, 'LITRO', 'Salsa de Piña'),
(12, 20, 0.005, 'KG', 'Sal fina');

-- Ingredientes Huari (id_receta = 13)
INSERT INTO ingrediente_receta (id_receta, id_inventario, cantidad, unidad_medida, notas)
VALUES
(13, 25, 0.330, 'LITRO', 'Cerveza Huari botella individual');

-- Ingredientes Chopp Paceña (id_receta = 14)
INSERT INTO ingrediente_receta (id_receta, id_inventario, cantidad, unidad_medida, notas)
VALUES
(14, 25, 0.500, 'LITRO', 'Cerveza Paceña de barril');

-- Ingredientes Sir Pieper Light (id_receta = 15)
INSERT INTO ingrediente_receta (id_receta, id_inventario, cantidad, unidad_medida, notas)
VALUES
(15, 25, 0.330, 'LITRO', 'Cerveza Sir Pieper Light');

-- Ingredientes Sir Pieper Barba Roja (id_receta = 16)
INSERT INTO ingrediente_receta (id_receta, id_inventario, cantidad, unidad_medida, notas)
VALUES
(16, 25, 0.330, 'LITRO', 'Cerveza Sir Pieper Barba Roja');

-- Ingredientes Corona (id_receta = 17)
INSERT INTO ingrediente_receta (id_receta, id_inventario, cantidad, unidad_medida, notas)
VALUES
(17, 26, 0.330, 'LITRO', 'Cerveza Corona botella individual');

-- Ingredientes Balde de Corona (id_receta = 18)
INSERT INTO ingrediente_receta (id_receta, id_inventario, cantidad, unidad_medida, notas)
VALUES
(18, 26, 1.650, 'LITRO', '5 botellas de Corona 330ml'),
(18, 27, 1.000, 'KG', 'Hielo para balde');

-- Ingredientes Balde de Huari (id_receta = 19)
INSERT INTO ingrediente_receta (id_receta, id_inventario, cantidad, unidad_medida, notas)
VALUES
(19, 25, 1.650, 'LITRO', '5 botellas de Huari 330ml'),
(19, 27, 1.000, 'KG', 'Hielo para balde');

-- Gin Tonic (id_receta = 20)
INSERT INTO ingrediente_receta (id_receta, id_inventario, cantidad, unidad_medida, notas)
VALUES
(20, 23, 0.050, 'LITRO', 'Gin'),
(20, 9, 0.020, 'KG', 'Rodaja de limón'),
(20, 27, 0.100, 'KG', 'Hielo');

-- Margarita (id_receta = 21)
INSERT INTO ingrediente_receta (id_receta, id_inventario, cantidad, unidad_medida, notas)
VALUES
(21, 21, 0.050, 'LITRO', 'Tequila'),
(21, 9, 0.030, 'KG', 'Jugo de limón'),
(21, 23, 0.020, 'LITRO', 'Triple sec (usar gin como sustituto si no está en inventario)'),
(21, 23, 0.010, 'KG', 'Azúcar'),
(21, 20, 0.005, 'KG', 'Sal para escarchar copa'),
(21, 27, 0.100, 'KG', 'Hielo');

-- Caipirinha (id_receta = 22)
INSERT INTO ingrediente_receta (id_receta, id_inventario, cantidad, unidad_medida, notas)
VALUES
(22, 9, 0.030, 'KG', 'Limón'),
(22, 23, 0.010, 'KG', 'Azúcar'),
(22, 27, 0.100, 'KG', 'Hielo');

-- Mojito Gaira (id_receta = 23)
INSERT INTO ingrediente_receta (id_receta, id_inventario, cantidad, unidad_medida, notas)
VALUES
(23, 20, 0.050, 'LITRO', 'Ron Blanco'),
(23, 5, 0.010, 'KG', 'Hierba Buena'),
(23, 9, 0.030, 'KG', 'Limón'),
(23, 23, 0.010, 'KG', 'Azúcar'),
(23, 27, 0.100, 'KG', 'Hielo');

-- Chuflay (id_receta = 24)
INSERT INTO ingrediente_receta (id_receta, id_inventario, cantidad, unidad_medida, notas)
VALUES
(24, 22, 0.050, 'LITRO', 'Singani'),
(24, 9, 0.030, 'KG', 'Limón'),
(24, 27, 0.100, 'KG', 'Hielo');

-- Aperol Spritz (id_receta = 25)
INSERT INTO ingrediente_receta (id_receta, id_inventario, cantidad, unidad_medida, notas)
VALUES
(25, 24, 0.050, 'LITRO', 'Aperol'),
(25, 27, 0.100, 'KG', 'Hielo');

-- Beer Margarita (id_receta = 26)
INSERT INTO ingrediente_receta (id_receta, id_inventario, cantidad, unidad_medida, notas)
VALUES
(26, 21, 0.050, 'LITRO', 'Tequila'),
(26, 25, 0.330, 'LITRO', 'Cerveza Huari'),
(26, 42, 0.020, 'LITRO', 'Sour Mix'),
(26, 27, 0.100, 'KG', 'Hielo');

-- Piña Colada (id_receta = 27)
INSERT INTO ingrediente_receta (id_receta, id_inventario, cantidad, unidad_medida, notas)
VALUES
(27, 20, 0.050, 'LITRO', 'Ron Blanco'),
(27, 7, 0.050, 'KG', 'Piña'),
(27, 10, 0.030, 'KG', 'Coco'),
(27, 23, 0.010, 'KG', 'Azúcar'),
(27, 27, 0.100, 'KG', 'Hielo');

-- Pink Tonic (id_receta = 28)
INSERT INTO ingrediente_receta (id_receta, id_inventario, cantidad, unidad_medida, notas)
VALUES
(28, 23, 0.050, 'LITRO', 'Gin'),
(28, 6, 0.030, 'KG', 'Frutilla'),
(28, 43, 0.020, 'LITRO', 'Jarabe de Frutos Rojos'),
(28, 27, 0.100, 'KG', 'Hielo');

-- Berry Mojito (id_receta = 29)
INSERT INTO ingrediente_receta (id_receta, id_inventario, cantidad, unidad_medida, notas)
VALUES
(29, 20, 0.050, 'LITRO', 'Ron Blanco'),
(29, 5, 0.010, 'KG', 'Hierba Buena'),
(29, 9, 0.030, 'KG', 'Limón'),
(29, 43, 0.020, 'LITRO', 'Jarabe de Frutos Rojos'),
(29, 27, 0.100, 'KG', 'Hielo');

-- Jugo de Piña (id_receta = 30)
INSERT INTO ingrediente_receta (id_receta, id_inventario, cantidad, unidad_medida, notas)
VALUES
(30, 7, 0.200, 'KG', 'Piña fresca'),
(30, 23, 0.010, 'KG', 'Azúcar'),
(30, 27, 0.100, 'KG', 'Hielo');

-- Jugo de Frutilla (id_receta = 31)
INSERT INTO ingrediente_receta (id_receta, id_inventario, cantidad, unidad_medida, notas)
VALUES
(31, 6, 0.200, 'KG', 'Frutilla fresca'),
(31, 23, 0.010, 'KG', 'Azúcar'),
(31, 27, 0.100, 'KG', 'Hielo');

-- Jugo de Maracuyá (id_receta = 32)
INSERT INTO ingrediente_receta (id_receta, id_inventario, cantidad, unidad_medida, notas)
VALUES
(32, 8, 0.200, 'KG', 'Maracuyá fresco'),
(32, 23, 0.010, 'KG', 'Azúcar'),
(32, 27, 0.100, 'KG', 'Hielo');

-- Soda de Maracuyá (id_receta = 33)
INSERT INTO ingrediente_receta (id_receta, id_inventario, cantidad, unidad_medida, notas)
VALUES
(33, 44, 0.020, 'LITRO', 'Jarabe de Maracuyá'),
(33, 27, 0.100, 'KG', 'Hielo');

-- Soda de Frutos Rojos (id_receta = 34)
INSERT INTO ingrediente_receta (id_receta, id_inventario, cantidad, unidad_medida, notas)
VALUES
(34, 43, 0.020, 'LITRO', 'Jarabe de Frutos Rojos'),
(34, 9, 0.020, 'KG', 'Limón'),
(34, 27, 0.100, 'KG', 'Hielo');

-- Limonada de la Buena (id_receta = 35)
INSERT INTO ingrediente_receta (id_receta, id_inventario, cantidad, unidad_medida, notas)
VALUES
(35, 9, 0.030, 'KG', 'Limón'),
(35, 23, 0.010, 'KG', 'Azúcar'),
(35, 5, 0.010, 'KG', 'Hierba Buena'),
(35, 27, 0.100, 'KG', 'Hielo');

-- Ice Tea (id_receta = 36)
INSERT INTO ingrediente_receta (id_receta, id_inventario, cantidad, unidad_medida, notas)
VALUES
(36, 9, 0.020, 'KG', 'Limón'),
(36, 23, 0.010, 'KG', 'Azúcar'),
(36, 27, 0.100, 'KG', 'Hielo');

-- Mojito Virgen (id_receta = 37)
INSERT INTO ingrediente_receta (id_receta, id_inventario, cantidad, unidad_medida, notas)
VALUES
(37, 5, 0.010, 'KG', 'Hierba Buena'),
(37, 9, 0.030, 'KG', 'Limón'),
(37, 23, 0.010, 'KG', 'Azúcar'),
(37, 27, 0.100, 'KG', 'Hielo');

-- Agua (id_receta = 38)
INSERT INTO ingrediente_receta (id_receta, id_inventario, cantidad, unidad_medida, notas)
VALUES
(38, 45, 0.500, 'LITRO', 'Agua embotellada');

-- Agua con Gas (id_receta = 39)
INSERT INTO ingrediente_receta (id_receta, id_inventario, cantidad, unidad_medida, notas)
VALUES
(39, 46, 0.500, 'LITRO', 'Agua con gas embotellada');

-- Gaseosas (id_receta = 40)
INSERT INTO ingrediente_receta (id_receta, id_inventario, cantidad, unidad_medida, notas)
VALUES
(40, 47, 0.500, 'ML', 'Sprite 500ml'),
(40, 48, 0.500, 'ML', 'Coca Cola 500ml'),
(40, 49, 0.500, 'ML', 'Coca Cola Zero 500ml'),
(40, 50, 0.500, 'ML', 'Fanta Naranja 500ml'),
(40, 51, 0.500, 'ML', 'Fanta Papaya 500ml'),
(40, 52, 0.500, 'ML', 'Fanta Guaraná 500ml');

-- Whisky Johnnie Walker Black (id_receta = 41)
INSERT INTO ingrediente_receta (id_receta, id_inventario, cantidad, unidad_medida, notas)
VALUES
(41, 20, 0.750, 'LITRO', 'Whisky Johnnie Walker Black botella');

-- Tequila (id_receta = 42)
INSERT INTO ingrediente_receta (id_receta, id_inventario, cantidad, unidad_medida, notas)
VALUES
(42, 21, 0.750, 'LITRO', 'Tequila botella completa');

-- Vino Aranjuez Duo Tannat Merlot (id_receta = 43)
INSERT INTO ingrediente_receta (id_receta, id_inventario, cantidad, unidad_medida, notas)
VALUES
(43, 21, 0.750, 'LITRO', 'Vino Aranjuez Duo Tannat Merlot botella');

-- Helado de Vainilla (id_receta = 44)
INSERT INTO ingrediente_receta (id_receta, id_inventario, cantidad, unidad_medida, notas)
VALUES
(44, 19, 0.100, 'KG', 'Base de helado sabor vainilla');

-- Helado de Chocolate (id_receta = 45)
INSERT INTO ingrediente_receta (id_receta, id_inventario, cantidad, unidad_medida, notas)
VALUES
(45, 19, 0.100, 'KG', 'Base de helado sabor chocolate');

-- Helado de Frutilla (id_receta = 46)
INSERT INTO ingrediente_receta (id_receta, id_inventario, cantidad, unidad_medida, notas)
VALUES
(46, 19, 0.100, 'KG', 'Base de helado sabor frutilla');

-- Helado de Maracuyá (id_receta = 47)
INSERT INTO ingrediente_receta (id_receta, id_inventario, cantidad, unidad_medida, notas)
VALUES
(47, 19, 0.100, 'KG', 'Base de helado sabor maracuyá');

-- Helado de Coco (id_receta = 48)
INSERT INTO ingrediente_receta (id_receta, id_inventario, cantidad, unidad_medida, notas)
VALUES
(48, 19, 0.100, 'KG', 'Base de helado sabor coco');

-- Helado de Dulce de Leche (id_receta = 49)
INSERT INTO ingrediente_receta (id_receta, id_inventario, cantidad, unidad_medida, notas)
VALUES
(49, 19, 0.100, 'KG', 'Base de helado sabor dulce de leche');

SELECT *
FROM ingrediente_receta;


INSERT INTO metodo_pago (nombre, descripcion, activo) VALUES
('QR', 'Pago mediante código QR escaneado desde la aplicación bancaria o billetera digital.', TRUE),
('Tarjeta', 'Pago con tarjeta de débito o crédito mediante POS.', TRUE),
('Efectivo', 'Pago en efectivo directamente en caja.', TRUE);

SELECT *
FROM metodo_pago;


-- Sucursal San Martín
INSERT INTO sucursal (nombre, direccion, telefono, correo, horario_apertura, horario_cierre, ciudad, ubicacion, activo) VALUES
('La Gaira San Martín', 'Av. San Martín, Santa Cruz de la Sierra', '700-11111', 'sanmartin@lagaira.com', '11:00', '23:59', 'Santa Cruz de la Sierra', 'Santa Cruz', TRUE);
-- Sucursal Av. Beni
INSERT INTO sucursal (nombre, direccion, telefono, correo, horario_apertura, horario_cierre, ciudad, ubicacion, activo) VALUES
('La Gaira Av. Beni', 'Av. Beni, Santa Cruz de la Sierra', '700-22222', 'beni@lagaira.com', '11:00', '23:59', 'Santa Cruz de la Sierra', 'Santa Cruz', TRUE);
-- Sucursal Av. Piraí
INSERT INTO sucursal (nombre, direccion, telefono, correo, horario_apertura, horario_cierre, ciudad, ubicacion, activo) VALUES
('La Gaira Av. Piraí', 'Av. Piraí, Santa Cruz de la Sierra', '700-33333', 'pirai@lagaira.com', '11:00', '23:59', 'Santa Cruz de la Sierra', 'Santa Cruz', TRUE);
-- Sucursal Centro
INSERT INTO sucursal (nombre, direccion, telefono, correo, horario_apertura, horario_cierre, ciudad, ubicacion, activo) VALUES
('La Gaira Centro', 'Centro de Santa Cruz de la Sierra', '700-44444', 'centro@lagaira.com', '11:00', '23:59', 'Santa Cruz de la Sierra', 'Santa Cruz', TRUE);

SELECT *
FROM sucursal;


-- Empanadas Colombianas (id_producto_final = 1)
INSERT INTO producto_sucursal (id_producto_final, id_sucursal, precio, disponible, activo) VALUES
(1, 1, 20.00, TRUE, TRUE),
(1, 2, 20.00, TRUE, TRUE),
(1, 3, 20.00, TRUE, TRUE),
(1, 4, 20.00, TRUE, TRUE);

-- Chicharrón Paisa (id_producto_final = 2)
INSERT INTO producto_sucursal (id_producto_final, id_sucursal, precio, disponible, activo) VALUES
(2, 1, 30.00, TRUE, TRUE),
(2, 2, 30.00, TRUE, TRUE),
(2, 3, 30.00, TRUE, TRUE),
(2, 4, 30.00, TRUE, TRUE);

-- Tocino Apanado (id_producto_final = 3)
INSERT INTO producto_sucursal (id_producto_final, id_sucursal, precio, disponible, activo) VALUES
(3, 1, 25.00, TRUE, TRUE),
(3, 2, 25.00, TRUE, TRUE),
(3, 3, 25.00, TRUE, TRUE),
(3, 4, 25.00, TRUE, TRUE);

-- Papas Fritas Clásicas (id_producto_final = 4)
INSERT INTO producto_sucursal (id_producto_final, id_sucursal, precio, disponible, activo) VALUES
(4, 1, 15.00, TRUE, TRUE),
(4, 2, 15.00, TRUE, TRUE),
(4, 3, 15.00, TRUE, TRUE),
(4, 4, 15.00, TRUE, TRUE);

-- Papas Fritas con Ajo (id_producto_final = 5)
INSERT INTO producto_sucursal (id_producto_final, id_sucursal, precio, disponible, activo) VALUES
(5, 1, 18.00, TRUE, TRUE),
(5, 2, 18.00, TRUE, TRUE),
(5, 3, 18.00, TRUE, TRUE),
(5, 4, 18.00, TRUE, TRUE);

-- Papas Cheddar Extreme (id_producto_final = 6)
INSERT INTO producto_sucursal (id_producto_final, id_sucursal, precio, disponible, activo) VALUES
(6, 1, 22.00, TRUE, TRUE),
(6, 2, 22.00, TRUE, TRUE),
(6, 3, 22.00, TRUE, TRUE),
(6, 4, 22.00, TRUE, TRUE);

-- Patacón con Queso Mozzarella (id_producto_final = 7)
INSERT INTO producto_sucursal (id_producto_final, id_sucursal, precio, disponible, activo) VALUES
(7, 1, 22.00, TRUE, TRUE),
(7, 2, 22.00, TRUE, TRUE),
(7, 3, 22.00, TRUE, TRUE),
(7, 4, 22.00, TRUE, TRUE);

-- Patacón con Hogao (id_producto_final = 8)
INSERT INTO producto_sucursal (id_producto_final, id_sucursal, precio, disponible, activo) VALUES
(8, 1, 20.00, TRUE, TRUE),
(8, 2, 20.00, TRUE, TRUE),
(8, 3, 20.00, TRUE, TRUE),
(8, 4, 20.00, TRUE, TRUE);

-- Hamburguesa Clásica (id_producto_final = 9)
INSERT INTO producto_sucursal (id_producto_final, id_sucursal, precio, disponible, activo) VALUES
(9, 1, 35.00, TRUE, TRUE),
(9, 2, 35.00, TRUE, TRUE),
(9, 3, 35.00, TRUE, TRUE),
(9, 4, 35.00, TRUE, TRUE);

-- Hamburguesa Yankee (id_producto_final = 10)
INSERT INTO producto_sucursal (id_producto_final, id_sucursal, precio, disponible, activo) VALUES
(10, 1, 45.00, TRUE, TRUE),
(10, 2, 45.00, TRUE, TRUE),
(10, 3, 45.00, TRUE, TRUE),
(10, 4, 45.00, TRUE, TRUE);

-- Perro Bacon Cheese (id_producto_final = 11)
INSERT INTO producto_sucursal (id_producto_final, id_sucursal, precio, disponible, activo) VALUES
(11, 1, 28.00, TRUE, TRUE),
(11, 2, 28.00, TRUE, TRUE),
(11, 3, 28.00, TRUE, TRUE),
(11, 4, 28.00, TRUE, TRUE);

-- Perro Gaira (id_producto_final = 12)
INSERT INTO producto_sucursal (id_producto_final, id_sucursal, precio, disponible, activo) VALUES
(12, 1, 32.00, TRUE, TRUE),
(12, 2, 32.00, TRUE, TRUE),
(12, 3, 32.00, TRUE, TRUE),
(12, 4, 32.00, TRUE, TRUE);

-- Cervezas
-- Huari (id_producto_final = 13)
INSERT INTO producto_sucursal (id_producto_final, id_sucursal, precio, disponible, activo) VALUES
(13, 1, 18.00, TRUE, TRUE),
(13, 2, 18.00, TRUE, TRUE),
(13, 3, 18.00, TRUE, TRUE),
(13, 4, 18.00, TRUE, TRUE);

-- Chopp Paceña (id_producto_final = 14)
INSERT INTO producto_sucursal (id_producto_final, id_sucursal, precio, disponible, activo) VALUES
(14, 1, 15.00, TRUE, TRUE),
(14, 2, 15.00, TRUE, TRUE),
(14, 3, 15.00, TRUE, TRUE),
(14, 4, 15.00, TRUE, TRUE);

-- Sir Pieper Light (id_producto_final = 15)
INSERT INTO producto_sucursal (id_producto_final, id_sucursal, precio, disponible, activo) VALUES
(15, 1, 20.00, TRUE, TRUE),
(15, 2, 20.00, TRUE, TRUE),
(15, 3, 20.00, TRUE, TRUE),
(15, 4, 20.00, TRUE, TRUE);

-- Sir Pieper Barba Roja (id_producto_final = 16)
INSERT INTO producto_sucursal (id_producto_final, id_sucursal, precio, disponible, activo) VALUES
(16, 1, 22.00, TRUE, TRUE),
(16, 2, 22.00, TRUE, TRUE),
(16, 3, 22.00, TRUE, TRUE),
(16, 4, 22.00, TRUE, TRUE);

-- Corona (id_producto_final = 17)
INSERT INTO producto_sucursal (id_producto_final, id_sucursal, precio, disponible, activo) VALUES
(17, 1, 25.00, TRUE, TRUE),
(17, 2, 25.00, TRUE, TRUE),
(17, 3, 25.00, TRUE, TRUE),
(17, 4, 25.00, TRUE, TRUE);

-- Balde de Corona (id_producto_final = 18)
INSERT INTO producto_sucursal (id_producto_final, id_sucursal, precio, disponible, activo) VALUES
(18, 1, 110.00, TRUE, TRUE),
(18, 2, 110.00, TRUE, TRUE),
(18, 3, 110.00, TRUE, TRUE),
(18, 4, 110.00, TRUE, TRUE);

-- Balde de Huari (id_producto_final = 19)
INSERT INTO producto_sucursal (id_producto_final, id_sucursal, precio, disponible, activo) VALUES
(19, 1, 100.00, TRUE, TRUE),
(19, 2, 100.00, TRUE, TRUE),
(19, 3, 100.00, TRUE, TRUE),
(19, 4, 100.00, TRUE, TRUE);


-- Gin Tonic (id_producto_final = 20)
INSERT INTO producto_sucursal (id_producto_final, id_sucursal, precio, disponible, activo) VALUES
(20, 1, 30.00, TRUE, TRUE),
(20, 2, 30.00, TRUE, TRUE),
(20, 3, 30.00, TRUE, TRUE),
(20, 4, 30.00, TRUE, TRUE);

-- Margarita (id_producto_final = 21)
INSERT INTO producto_sucursal (id_producto_final, id_sucursal, precio, disponible, activo) VALUES
(21, 1, 32.00, TRUE, TRUE),
(21, 2, 32.00, TRUE, TRUE),
(21, 3, 32.00, TRUE, TRUE),
(21, 4, 32.00, TRUE, TRUE);

-- Caipirinha (id_producto_final = 22)
INSERT INTO producto_sucursal (id_producto_final, id_sucursal, precio, disponible, activo) VALUES
(22, 1, 28.00, TRUE, TRUE),
(22, 2, 28.00, TRUE, TRUE),
(22, 3, 28.00, TRUE, TRUE),
(22, 4, 28.00, TRUE, TRUE);

-- Mojito Gaira (id_producto_final = 23)
INSERT INTO producto_sucursal (id_producto_final, id_sucursal, precio, disponible, activo) VALUES
(23, 1, 30.00, TRUE, TRUE),
(23, 2, 30.00, TRUE, TRUE),
(23, 3, 30.00, TRUE, TRUE),
(23, 4, 30.00, TRUE, TRUE);

-- Chuflay (id_producto_final = 24)
INSERT INTO producto_sucursal (id_producto_final, id_sucursal, precio, disponible, activo) VALUES
(24, 1, 25.00, TRUE, TRUE),
(24, 2, 25.00, TRUE, TRUE),
(24, 3, 25.00, TRUE, TRUE),
(24, 4, 25.00, TRUE, TRUE);

-- Aperol Spritz (id_producto_final = 25)
INSERT INTO producto_sucursal (id_producto_final, id_sucursal, precio, disponible, activo) VALUES
(25, 1, 35.00, TRUE, TRUE),
(25, 2, 35.00, TRUE, TRUE),
(25, 3, 35.00, TRUE, TRUE),
(25, 4, 35.00, TRUE, TRUE);

-- Beer Margarita (id_producto_final = 26)
INSERT INTO producto_sucursal (id_producto_final, id_sucursal, precio, disponible, activo) VALUES
(26, 1, 33.00, TRUE, TRUE),
(26, 2, 33.00, TRUE, TRUE),
(26, 3, 33.00, TRUE, TRUE),
(26, 4, 33.00, TRUE, TRUE);

-- Piña Colada (id_producto_final = 27)
INSERT INTO producto_sucursal (id_producto_final, id_sucursal, precio, disponible, activo) VALUES
(27, 1, 34.00, TRUE, TRUE),
(27, 2, 34.00, TRUE, TRUE),
(27, 3, 34.00, TRUE, TRUE),
(27, 4, 34.00, TRUE, TRUE);

-- Pink Tonic (id_producto_final = 28)
INSERT INTO producto_sucursal (id_producto_final, id_sucursal, precio, disponible, activo) VALUES
(28, 1, 32.00, TRUE, TRUE),
(28, 2, 32.00, TRUE, TRUE),
(28, 3, 32.00, TRUE, TRUE),
(28, 4, 32.00, TRUE, TRUE);

-- Berry Mojito (id_producto_final = 29)
INSERT INTO producto_sucursal (id_producto_final, id_sucursal, precio, disponible, activo) VALUES
(29, 1, 33.00, TRUE, TRUE),
(29, 2, 33.00, TRUE, TRUE),
(29, 3, 33.00, TRUE, TRUE),
(29, 4, 33.00, TRUE, TRUE);

-- Jugo de Piña (id_producto_final = 30)
INSERT INTO producto_sucursal (id_producto_final, id_sucursal, precio, disponible, activo) VALUES
(30, 1, 18.00, TRUE, TRUE),
(30, 2, 18.00, TRUE, TRUE),
(30, 3, 18.00, TRUE, TRUE),
(30, 4, 18.00, TRUE, TRUE);

-- Jugo de Frutilla (id_producto_final = 31)
INSERT INTO producto_sucursal (id_producto_final, id_sucursal, precio, disponible, activo) VALUES
(31, 1, 20.00, TRUE, TRUE),
(31, 2, 20.00, TRUE, TRUE),
(31, 3, 20.00, TRUE, TRUE),
(31, 4, 20.00, TRUE, TRUE);

-- Jugo de Maracuyá (id_producto_final = 32)
INSERT INTO producto_sucursal (id_producto_final, id_sucursal, precio, disponible, activo) VALUES
(32, 1, 20.00, TRUE, TRUE),
(32, 2, 20.00, TRUE, TRUE),
(32, 3, 20.00, TRUE, TRUE),
(32, 4, 20.00, TRUE, TRUE);

-- Soda de Maracuyá (id_producto_final = 33)
INSERT INTO producto_sucursal (id_producto_final, id_sucursal, precio, disponible, activo) VALUES
(33, 1, 22.00, TRUE, TRUE),
(33, 2, 22.00, TRUE, TRUE),
(33, 3, 22.00, TRUE, TRUE),
(33, 4, 22.00, TRUE, TRUE);

-- Soda de Frutos Rojos (id_producto_final = 34)
INSERT INTO producto_sucursal (id_producto_final, id_sucursal, precio, disponible, activo) VALUES
(34, 1, 22.00, TRUE, TRUE),
(34, 2, 22.00, TRUE, TRUE),
(34, 3, 22.00, TRUE, TRUE),
(34, 4, 22.00, TRUE, TRUE);

-- Limonada de la Buena (id_producto_final = 35)
INSERT INTO producto_sucursal (id_producto_final, id_sucursal, precio, disponible, activo) VALUES
(35, 1, 18.00, TRUE, TRUE),
(35, 2, 18.00, TRUE, TRUE),
(35, 3, 18.00, TRUE, TRUE),
(35, 4, 18.00, TRUE, TRUE);

-- Ice Tea (id_producto_final = 36)
INSERT INTO producto_sucursal (id_producto_final, id_sucursal, precio, disponible, activo) VALUES
(36, 1, 18.00, TRUE, TRUE),
(36, 2, 18.00, TRUE, TRUE),
(36, 3, 18.00, TRUE, TRUE),
(36, 4, 18.00, TRUE, TRUE);

-- Mojito Virgen (id_producto_final = 37)
INSERT INTO producto_sucursal (id_producto_final, id_sucursal, precio, disponible, activo) VALUES
(37, 1, 25.00, TRUE, TRUE),
(37, 2, 25.00, TRUE, TRUE),
(37, 3, 25.00, TRUE, TRUE),
(37, 4, 25.00, TRUE, TRUE);

-- Agua (id_producto_final = 38)
INSERT INTO producto_sucursal (id_producto_final, id_sucursal, precio, disponible, activo) VALUES
(38, 1, 8.00, TRUE, TRUE),
(38, 2, 8.00, TRUE, TRUE),
(38, 3, 8.00, TRUE, TRUE),
(38, 4, 8.00, TRUE, TRUE);

-- Agua con Gas (id_producto_final = 39)
INSERT INTO producto_sucursal (id_producto_final, id_sucursal, precio, disponible, activo) VALUES
(39, 1, 9.00, TRUE, TRUE),
(39, 2, 9.00, TRUE, TRUE),
(39, 3, 9.00, TRUE, TRUE),
(39, 4, 9.00, TRUE, TRUE);

-- Gaseosas (id_producto_final = 40)
INSERT INTO producto_sucursal (id_producto_final, id_sucursal, precio, disponible, activo) VALUES
(40, 1, 12.00, TRUE, TRUE),
(40, 2, 12.00, TRUE, TRUE),
(40, 3, 12.00, TRUE, TRUE),
(40, 4, 12.00, TRUE, TRUE);

-- Botellas
-- Whisky Johnnie Walker Black (id_producto_final = 41)
INSERT INTO producto_sucursal (id_producto_final, id_sucursal, precio, disponible, activo) VALUES
(41, 1, 350.00, TRUE, TRUE),
(41, 2, 350.00, TRUE, TRUE),
(41, 3, 350.00, TRUE, TRUE),
(41, 4, 350.00, TRUE, TRUE);

-- Tequila (id_producto_final = 42)
INSERT INTO producto_sucursal (id_producto_final, id_sucursal, precio, disponible, activo) VALUES
(42, 1, 300.00, TRUE, TRUE),
(42, 2, 300.00, TRUE, TRUE),
(42, 3, 300.00, TRUE, TRUE),
(42, 4, 300.00, TRUE, TRUE);

-- Vino Aranjuez Duo Tannat Merlot (id_producto_final = 43)
INSERT INTO producto_sucursal (id_producto_final, id_sucursal, precio, disponible, activo) VALUES
(43, 1, 120.00, TRUE, TRUE),
(43, 2, 120.00, TRUE, TRUE),
(43, 3, 120.00, TRUE, TRUE),
(43, 4, 120.00, TRUE, TRUE);

-- Helados
-- Helado de Vainilla (id_producto_final = 44)
INSERT INTO producto_sucursal (id_producto_final, id_sucursal, precio, disponible, activo) VALUES
(44, 1, 15.00, TRUE, TRUE),
(44, 2, 15.00, TRUE, TRUE),
(44, 3, 15.00, TRUE, TRUE),
(44, 4, 15.00, TRUE, TRUE);

-- Helado de Chocolate (id_producto_final = 45)
INSERT INTO producto_sucursal (id_producto_final, id_sucursal, precio, disponible, activo) VALUES
(45, 1, 15.00, TRUE, TRUE),
(45, 2, 15.00, TRUE, TRUE),
(45, 3, 15.00, TRUE, TRUE),
(45, 4, 15.00, TRUE, TRUE);

-- Helado de Frutilla (id_producto_final = 46)
INSERT INTO producto_sucursal (id_producto_final, id_sucursal, precio, disponible, activo) VALUES
(46, 1, 15.00, TRUE, TRUE),
(46, 2, 15.00, TRUE, TRUE),
(46, 3, 15.00, TRUE, TRUE),
(46, 4, 15.00, TRUE, TRUE);

-- Helado de Maracuyá (id_producto_final = 47)
INSERT INTO producto_sucursal (id_producto_final, id_sucursal, precio, disponible, activo) VALUES
(47, 1, 15.00, TRUE, TRUE),
(47, 2, 15.00, TRUE, TRUE),
(47, 3, 15.00, TRUE, TRUE),
(47, 4, 15.00, TRUE, TRUE);

-- Helado de Coco (id_producto_final = 48)
INSERT INTO producto_sucursal (id_producto_final, id_sucursal, precio, disponible, activo) VALUES
(48, 1, 15.00, TRUE, TRUE),
(48, 2, 15.00, TRUE, TRUE),
(48, 3, 15.00, TRUE, TRUE),
(48, 4, 15.00, TRUE, TRUE);

-- Helado de Dulce de Leche (id_producto_final = 49)
INSERT INTO producto_sucursal (id_producto_final, id_sucursal, precio, disponible, activo) VALUES
(49, 1, 18.00, TRUE, TRUE),
(49, 2, 18.00, TRUE, TRUE),
(49, 3, 18.00, TRUE, TRUE),
(49, 4, 18.00, TRUE, TRUE);

SELECT *
FROM producto_sucursal;


-- Inserción de un nuevo cliente
INSERT INTO log_auditoria (tabla, operacion, id_registro, datos_anteriores, datos_nuevos, id_usuario, id_sucursal, ip_origen, user_agent)VALUES
('cliente', 'INSERT', '101', NULL, '{"nombre":"Juan Pérez","correo":"juan@example.com"}', 1, 1, '192.168.1.10', 'Mozilla/5.0');
-- Actualización de producto_final
INSERT INTO log_auditoria (tabla, operacion, id_registro, datos_anteriores, datos_nuevos, id_usuario, id_sucursal, ip_origen, user_agent)VALUES
('producto_final', 'UPDATE', '9',
 '{"precio":45.00}', '{"precio":49.00}',
 2, 2, '192.168.1.20', 'Chrome/120.0');
-- Eliminación de promoción
INSERT INTO log_auditoria (tabla, operacion, id_registro, datos_anteriores, datos_nuevos, id_usuario, id_sucursal, ip_origen, user_agent)VALUES
('promocion', 'DELETE', '3',
 '{"nombre":"Combo Hamburguesa + Papas","valor_descuento":10.00}', NULL,
 3, 3, '192.168.1.30', 'Safari/17.0');

SELECT *
FROM log_auditoria;


-- Carrito activo de cliente registrado en sucursal San Martín
INSERT INTO carrito_compras (id_cliente, id_sucursal, estado)VALUES
(1, 1, 'ACTIVO');
-- Carrito activo de cliente registrado en sucursal Av. Beni
INSERT INTO carrito_compras (id_cliente, id_sucursal, estado)VALUES
(2, 2, 'ACTIVO');
-- Carrito activo de sesión anónima en sucursal Av. Piraí
INSERT INTO carrito_compras (session_id, id_sucursal, estado)VALUES
(1, 3, 'ACTIVO');
-- Carrito abandonado de cliente en sucursal Centro
INSERT INTO carrito_compras (id_cliente, id_sucursal, estado)VALUES
(3, 4, 'ABANDONADO');
-- Carrito convertido en pedido de cliente en sucursal San Martín
INSERT INTO carrito_compras (id_cliente, id_sucursal, estado)VALUES
(4, 1, 'CONVERTIDO');

SELECT *
FROM carrito_compras;


-- Carrito 1 (cliente 1, sucursal San Martín)
INSERT INTO item_carrito (id_carrito, id_producto_final, cantidad, precio_unitario, notas_especiales)VALUES
(1, 9, 2, 45.00, 'Sin cebolla en ambas hamburguesas'),
(1, 4, 1, 20.00, 'Extra salsa de ajo');
-- Carrito 2 (cliente 102, sucursal Centro, abandonado) 
INSERT INTO item_carrito (id_carrito, id_producto_final, cantidad, precio_unitario)VALUES
(2, 13, 3, 25.00), -- 3 cervezas Huari
(2, 30, 2, 20.00); -- 2 jugos de piña
-- Carrito 3 (sesión anónima, sucursal Av. Piraí)
INSERT INTO item_carrito (id_carrito, id_producto_final, cantidad, precio_unitario)VALUES
(3, 20, 1, 35.00), -- Gin Tonic
(3, 21, 1, 35.00); -- Margarita
-- Carrito 4 (cliente 103, sucursal San Martín, convertido)
INSERT INTO item_carrito (id_carrito, id_producto_final, cantidad, precio_unitario, notas_especiales)VALUES
(4, 44, 2, 25.00, 'Helado de vainilla con extra topping'),
(4, 45, 1, 25.00, 'Helado de chocolate');
-- Carrito 5 (cliente 104, sucursal San Martín, convertido)
INSERT INTO item_carrito (id_carrito, id_producto_final, cantidad, precio_unitario)VALUES
(5, 17, 5, 25.00), -- 5 cervezas Corona
(5, 5, 1, 25.00);  -- 1 Corona adicional

SELECT *
FROM item_carrito;



-- VEGETALES
INSERT INTO stock_sucursal (id_inventario, id_sucursal, cantidad, cantidad_minima, cantidad_maxima, ubicacion_almacen, activo)VALUES
(1, 1, 50.000, 10.000, 120.000, 'Almacén Vegetales', TRUE),   -- Papa
(2, 1, 40.000, 8.000, 100.000, 'Almacén Vegetales', TRUE),    -- Tomate
(3, 1, 35.000, 8.000, 90.000, 'Almacén Vegetales', TRUE),     -- Cebolla
(4, 1, 25.000, 5.000, 70.000, 'Almacén Vegetales', TRUE),     -- Lechuga
(5, 1, 5.000, 1.000, 15.000, 'Almacén Hierbas', TRUE),        -- Hierba Buena
(6, 1, 30.000, 8.000, 80.000, 'Almacén Frutas', TRUE),        -- Frutilla
(7, 1, 40.000, 10.000, 100.000, 'Almacén Frutas', TRUE),      -- Piña
(8, 1, 25.000, 6.000, 70.000, 'Almacén Frutas', TRUE),        -- Maracuyá
(9, 1, 20.000, 5.000, 60.000, 'Almacén Frutas', TRUE),        -- Limón
(10, 1, 15.000, 4.000, 40.000, 'Almacén Frutas', TRUE);       -- Coco

-- CARNES
INSERT INTO stock_sucursal (id_inventario, id_sucursal, cantidad, cantidad_minima, cantidad_maxima, ubicacion_almacen, activo) VALUES
(11, 1, 60.000, 20.000, 120.000, 'Cámara Fría Carnes', TRUE), -- Carne de Res
(12, 1, 40.000, 10.000, 90.000, 'Cámara Fría Carnes', TRUE),  -- Tocino
(13, 1, 35.000, 10.000, 80.000, 'Cámara Fría Carnes', TRUE);  -- Salchicha Frankfurt

-- LÁCTEOS
INSERT INTO stock_sucursal (id_inventario, id_sucursal, cantidad, cantidad_minima, cantidad_maxima, ubicacion_almacen, activo) VALUES
(14, 1, 50.000, 15.000, 120.000, 'Cámara Fría Lácteos', TRUE), -- Queso Mozzarella
(15, 1, 45.000, 15.000, 100.000, 'Cámara Fría Lácteos', TRUE), -- Queso Cheddar
(16, 1, 30.000, 10.000, 80.000, 'Cámara Fría Lácteos', TRUE);  -- Mantequilla

-- PANADERÍA
INSERT INTO stock_sucursal (id_inventario, id_sucursal, cantidad, cantidad_minima, cantidad_maxima, ubicacion_almacen, activo) VALUES
(17, 1, 70.000, 20.000, 150.000, 'Almacén Panadería', TRUE), -- Pan Artesanal
(18, 1, 60.000, 15.000, 120.000, 'Almacén Panadería', TRUE); -- Pan Hot Dog

-- HELADOS
INSERT INTO stock_sucursal (id_inventario, id_sucursal, cantidad, cantidad_minima, cantidad_maxima, ubicacion_almacen, activo) VALUES
(19, 1, 80.000, 20.000, 200.000, 'Cámara Fría Helados', TRUE); -- Base de Helado

-- BEBIDAS
INSERT INTO stock_sucursal (id_inventario, id_sucursal, cantidad, cantidad_minima, cantidad_maxima, ubicacion_almacen, activo) VALUES
(20, 1, 25.000, 5.000, 60.000, 'Bodega Licores', TRUE),     -- Ron Blanco
(21, 1, 20.000, 5.000, 50.000, 'Bodega Licores', TRUE),     -- Tequila
(22, 1, 15.000, 5.000, 40.000, 'Bodega Licores', TRUE),     -- Singani
(23, 1, 20.000, 5.000, 50.000, 'Bodega Licores', TRUE),     -- Gin
(24, 1, 15.000, 5.000, 40.000, 'Bodega Licores', TRUE),     -- Aperol
(25, 1, 100.000, 20.000, 300.000, 'Depósito Bebidas', TRUE),-- Cerveza Huari
(26, 1, 80.000, 20.000, 250.000, 'Depósito Bebidas', TRUE), -- Cerveza Corona
(27, 1, 200.000, 50.000, 500.000, 'Cámara Fría', TRUE);     -- Hielo

-- LIMPIEZA
INSERT INTO stock_sucursal (id_inventario, id_sucursal, cantidad, cantidad_minima, cantidad_maxima, ubicacion_almacen, activo) VALUES
(28, 1, 150.000, 30.000, 400.000, 'Almacén Limpieza', TRUE), -- Servilletas
(29, 1, 100.000, 20.000, 300.000, 'Almacén Limpieza', TRUE), -- Bombillas
(30, 1, 120.000, 30.000, 350.000, 'Almacén Limpieza', TRUE), -- Vasos Plásticos
(31, 1, 80.000, 20.000, 250.000, 'Almacén Limpieza', TRUE),  -- Platos Plásticos
(32, 1, 60.000, 15.000, 150.000, 'Almacén Limpieza', TRUE),  -- Detergente Líquido
(33, 1, 50.000, 15.000, 120.000, 'Almacén Limpieza', TRUE),  -- Desinfectante
(34, 1, 40.000, 10.000, 100.000, 'Almacén Limpieza', TRUE),  -- Guantes de Limpieza
(35, 1, 70.000, 20.000, 150.000, 'Almacén Limpieza', TRUE);  -- Trapos de Cocina

-- VARIOS
INSERT INTO stock_sucursal (id_inventario, id_sucursal, cantidad, cantidad_minima, cantidad_maxima, ubicacion_almacen, activo) VALUES
(36, 1, 40.000, 10.000, 100.000, 'Almacén Salsas', TRUE),   -- Salsa BBQ
(37, 1, 35.000, 10.000, 90.000, 'Almacén Salsas', TRUE),    -- Salsa Tártara
(38, 1, 30.000, 8.000, 80.000, 'Almacén Salsas', TRUE),     -- Salsa de Piña
(39, 1, 50.000, 15.000, 120.000, 'Almacén Salsas', TRUE),   -- Mayonesa
(40, 1, 50.000, 15.000, 120.000, 'Almacén Salsas', TRUE),   -- Mostaza
(41, 1, 50.000, 15.000, 120.000, 'Almacén Salsas', TRUE),   -- Ketchup
(42, 1, 25.000, 8.000, 70.000, 'Almacén Jarabes', TRUE),    -- Sour Mix
(43, 1, 20.000, 5.000, 60.000, 'Almacén Jarabes', TRUE),    -- Jarabe Frutos Rojos
(44, 1, 20.000, 5.000, 60.000, 'Almacén Jarabes', TRUE),    -- Jarabe Maracuyá
(45, 1, 300.000, 80.000, 700.000, 'Depósito Bebidas', TRUE),-- Agua Embotellada
(46, 1, 250.000, 60.000, 600.000, 'Depósito Bebidas', TRUE),-- Agua con Gas
(47, 1, 200.000, 50.000, 500.000, 'Depósito Bebidas', TRUE),-- Sprite 500ml
(48, 1, 200.000, 50.000, 500.000, 'Depósito Bebidas', TRUE),-- Coca Cola 500ml
(49, 1, 150.000, 40.000, 400.000, 'Depósito Bebidas', TRUE),-- Coca Cola Zero 500ml
(50, 1, 150.000, 40.000, 400.000, 'Depósito Bebidas', TRUE),-- Fanta Naranja 500ml
(51, 1, 150.000, 40.000, 400.000, 'Depósito Bebidas', TRUE),-- Fanta Papaya 500ml
(52, 1, 150.000, 40.000, 400.000, 'Depósito Bebidas', TRUE); -- Fanta Guaraná 500ml

SELECT *
FROM stock_sucursal;


-- VEGETALES
INSERT INTO lote_inventario (id_stock, numero_lote, cantidad, fecha_ingreso, fecha_vencimiento, precio_compra, estado) VALUES
(1, 'LOT-001', 50.000, CURRENT_DATE, CURRENT_DATE + INTERVAL '15 days', 7.50, 'DISPONIBLE'),
(2, 'LOT-002', 40.000, CURRENT_DATE, CURRENT_DATE + INTERVAL '10 days', 11.00, 'DISPONIBLE'),
(3, 'LOT-003', 35.000, CURRENT_DATE, CURRENT_DATE + INTERVAL '12 days', 9.50, 'DISPONIBLE'),
(4, 'LOT-004', 25.000, CURRENT_DATE, CURRENT_DATE + INTERVAL '8 days', 14.00, 'DISPONIBLE'),
(5, 'LOT-005', 5.000, CURRENT_DATE, CURRENT_DATE + INTERVAL '5 days', 0.40, 'DISPONIBLE'),
(6, 'LOT-006', 30.000, CURRENT_DATE, CURRENT_DATE + INTERVAL '7 days', 24.00, 'DISPONIBLE'),
(7, 'LOT-007', 40.000, CURRENT_DATE, CURRENT_DATE + INTERVAL '12 days', 19.00, 'DISPONIBLE'),
(8, 'LOT-008', 25.000, CURRENT_DATE, CURRENT_DATE + INTERVAL '10 days', 21.00, 'DISPONIBLE'),
(9, 'LOT-009', 20.000, CURRENT_DATE, CURRENT_DATE + INTERVAL '7 days', 17.00, 'DISPONIBLE'),
(10, 'LOT-010', 15.000, CURRENT_DATE, CURRENT_DATE + INTERVAL '15 days', 29.00, 'DISPONIBLE');

-- CARNES
INSERT INTO lote_inventario (id_stock, numero_lote, cantidad, fecha_ingreso, fecha_vencimiento, precio_compra, estado) VALUES
(11, 'LOT-011', 60.000, CURRENT_DATE, CURRENT_DATE + INTERVAL '20 days', 50.00, 'DISPONIBLE'),
(12, 'LOT-012', 40.000, CURRENT_DATE, CURRENT_DATE + INTERVAL '15 days', 42.00, 'DISPONIBLE'),
(13, 'LOT-013', 35.000, CURRENT_DATE, CURRENT_DATE + INTERVAL '18 days', 33.00, 'DISPONIBLE');

-- LÁCTEOS
INSERT INTO lote_inventario (id_stock, numero_lote, cantidad, fecha_ingreso, fecha_vencimiento, precio_compra, estado) VALUES
(14, 'LOT-014', 50.000, CURRENT_DATE, CURRENT_DATE + INTERVAL '25 days', 42.00, 'DISPONIBLE'),
(15, 'LOT-015', 45.000, CURRENT_DATE, CURRENT_DATE + INTERVAL '25 days', 48.00, 'DISPONIBLE'),
(16, 'LOT-016', 30.000, CURRENT_DATE, CURRENT_DATE + INTERVAL '20 days', 33.00, 'DISPONIBLE');

-- PANADERÍA
INSERT INTO lote_inventario (id_stock, numero_lote, cantidad, fecha_ingreso, fecha_vencimiento, precio_compra, estado) VALUES
(17, 'LOT-017', 70.000, CURRENT_DATE, CURRENT_DATE + INTERVAL '7 days', 19.00, 'DISPONIBLE'),
(18, 'LOT-018', 60.000, CURRENT_DATE, CURRENT_DATE + INTERVAL '7 days', 14.00, 'DISPONIBLE');

-- HELADOS
INSERT INTO lote_inventario (id_stock, numero_lote, cantidad, fecha_ingreso, fecha_vencimiento, precio_compra, estado) VALUES
(19, 'LOT-019', 80.000, CURRENT_DATE, CURRENT_DATE + INTERVAL '30 days', 38.00, 'DISPONIBLE');

-- BEBIDAS
INSERT INTO lote_inventario (id_stock, numero_lote, cantidad, fecha_ingreso, fecha_vencimiento, precio_compra, estado) VALUES
(20, 'LOT-020', 25.000, CURRENT_DATE, CURRENT_DATE + INTERVAL '180 days', 115.00, 'DISPONIBLE'),
(21, 'LOT-021', 20.000, CURRENT_DATE, CURRENT_DATE + INTERVAL '180 days', 145.00, 'DISPONIBLE'),
(22, 'LOT-022', 15.000, CURRENT_DATE, CURRENT_DATE + INTERVAL '180 days', 85.00, 'DISPONIBLE'),
(23, 'LOT-023', 20.000, CURRENT_DATE, CURRENT_DATE + INTERVAL '180 days', 125.00, 'DISPONIBLE'),
(24, 'LOT-024', 15.000, CURRENT_DATE, CURRENT_DATE + INTERVAL '180 days', 135.00, 'DISPONIBLE'),
(25, 'LOT-025', 100.000, CURRENT_DATE, CURRENT_DATE + INTERVAL '90 days', 24.00, 'DISPONIBLE'),
(26, 'LOT-026', 80.000, CURRENT_DATE, CURRENT_DATE + INTERVAL '90 days', 29.00, 'DISPONIBLE'),
(27, 'LOT-027', 200.000, CURRENT_DATE, CURRENT_DATE + INTERVAL '30 days', 4.50, 'DISPONIBLE');

-- LIMPIEZA (sin vencimiento)
INSERT INTO lote_inventario (id_stock, numero_lote, cantidad, fecha_ingreso, fecha_vencimiento, precio_compra, estado) VALUES
(28, 'LOT-028', 150.000, CURRENT_DATE, NULL, 0.08, 'DISPONIBLE'),
(29, 'LOT-029', 100.000, CURRENT_DATE, NULL, 0.04, 'DISPONIBLE'),
(30, 'LOT-030', 120.000, CURRENT_DATE, NULL, 0.18, 'DISPONIBLE'),
(31, 'LOT-031', 80.000, CURRENT_DATE, NULL, 0.28, 'DISPONIBLE'),
(32, 'LOT-032', 60.000, CURRENT_DATE, NULL, 14.00, 'DISPONIBLE'),
(33, 'LOT-033', 50.000, CURRENT_DATE, NULL, 24.00, 'DISPONIBLE'),
(34, 'LOT-034', 40.000, CURRENT_DATE, NULL, 9.00, 'DISPONIBLE'),
(35, 'LOT-035', 70.000, CURRENT_DATE, NULL, 4.50, 'DISPONIBLE');

-- VARIOS
INSERT INTO lote_inventario (id_stock, numero_lote, cantidad, fecha_ingreso, fecha_vencimiento, precio_compra, estado) VALUES
(36, 'LOT-036', 40.000, CURRENT_DATE, CURRENT_DATE + INTERVAL '60 days', 24.00, 'DISPONIBLE'),
(37, 'LOT-037', 35.000, CURRENT_DATE, CURRENT_DATE + INTERVAL '60 days', 24.00, 'DISPONIBLE'),
(38, 'LOT-038', 30.000, CURRENT_DATE, CURRENT_DATE + INTERVAL '60 days', 19.00, 'DISPONIBLE'),
(39, 'LOT-039', 50.000, CURRENT_DATE, CURRENT_DATE + INTERVAL '60 days', 17.00, 'DISPONIBLE'),
(40, 'LOT-040', 50.000, CURRENT_DATE, CURRENT_DATE + INTERVAL '60 days', 17.00, 'DISPONIBLE'),
(41, 'LOT-041', 50.000, CURRENT_DATE, CURRENT_DATE + INTERVAL '60 days', 17.00, 'DISPONIBLE'),
(42, 'LOT-042', 25.000, CURRENT_DATE, CURRENT_DATE + INTERVAL '90 days', 21.00, 'DISPONIBLE'),
(43, 'LOT-043', 20.000, CURRENT_DATE, CURRENT_DATE + INTERVAL '90 days', 27.00, 'DISPONIBLE'),
(44, 'LOT-044', 20.000, CURRENT_DATE, CURRENT_DATE + INTERVAL '90 days', 27.00, 'DISPONIBLE'),
(45, 'LOT-045', 300.000, CURRENT_DATE, CURRENT_DATE + INTERVAL '180 days', 11.00, 'DISPONIBLE'),
(46, 'LOT-046', 250.000, CURRENT_DATE, CURRENT_DATE + INTERVAL '180 days', 11.00, 'DISPONIBLE'),
(47, 'LOT-047', 200.000, CURRENT_DATE, CURRENT_DATE + INTERVAL '180 days', 6.50, 'DISPONIBLE'),
(48, 'LOT-048', 200.000, CURRENT_DATE, CURRENT_DATE + INTERVAL '180 days', 6.50, 'DISPONIBLE'),
(49, 'LOT-049', 150.000, CURRENT_DATE, CURRENT_DATE + INTERVAL '180 days', 6.50, 'DISPONIBLE'),
(50, 'LOT-050', 150.000, CURRENT_DATE, CURRENT_DATE + INTERVAL '180 days', 6.50, 'DISPONIBLE'),
(51, 'LOT-051', 150.000, CURRENT_DATE, CURRENT_DATE + INTERVAL '180 days', 6.50, 'DISPONIBLE'),
(52, 'LOT-052', 150.000, CURRENT_DATE, CURRENT_DATE + INTERVAL '180 days', 6.50, 'DISPONIBLE');

SELECT *
FROM lote_inventario;


INSERT INTO compra (numero_factura, id_proveedor, fecha_entrega_programada, subtotal, descuento, impuesto, total, estado_pago, fecha_limite_pago, creado_por, observaciones)VALUES
-- Bebidas: Distribuidora La Estrella
('FAC-1001', 1, CURRENT_DATE + INTERVAL '3 days', 1200.00, 50.00, 155.00, 1305.00, 'PENDIENTE', CURRENT_DATE + INTERVAL '15 days', 5, 'Compra de licores y cervezas'),
-- Carnes: Sofía
('FAC-1002', 2, CURRENT_DATE + INTERVAL '2 days', 800.00, 0.00, 104.00, 904.00, 'PAGADO', CURRENT_DATE + INTERVAL '10 days', 4, 'Compra de carne de res y tocino'),
-- Vegetales: Verduras Frescas SRL
('FAC-1003', 3, CURRENT_DATE + INTERVAL '1 day', 500.00, 20.00, 65.00, 545.00, 'PENDIENTE', CURRENT_DATE + INTERVAL '7 days', 2, 'Compra semanal de vegetales frescos'),
-- Lácteos: PIL
('FAC-1004', 4, CURRENT_DATE + INTERVAL '4 days', 600.00, 30.00, 78.00, 648.00, 'PARCIAL', CURRENT_DATE + INTERVAL '20 days', 6, 'Compra de quesos y mantequilla'),
-- Helados: Heladería Tropica
('FAC-1005', 5, CURRENT_DATE + INTERVAL '5 days', 400.00, 0.00, 52.00, 452.00, 'PENDIENTE', CURRENT_DATE + INTERVAL '12 days', 8, 'Compra de base de helado'),
-- Panadería: Panadería San Jorge
('FAC-1006', 6, CURRENT_DATE + INTERVAL '2 days', 300.00, 10.00, 39.00, 329.00, 'PAGADO', CURRENT_DATE + INTERVAL '5 days', 10, 'Compra de pan artesanal y pan hot dog'),
-- Limpieza: Productos de Limpieza CleanBol
('FAC-1007', 7, CURRENT_DATE + INTERVAL '6 days', 250.00, 0.00, 32.00, 282.00, 'PENDIENTE', CURRENT_DATE + INTERVAL '15 days', 12, 'Compra de detergente, desinfectante y descartables'),
-- Varios: Importadora Multiservicios
('FAC-1008', 8, CURRENT_DATE + INTERVAL '7 days', 700.00, 25.00, 88.00, 763.00, 'PARCIAL', CURRENT_DATE + INTERVAL '20 days', 13, 'Compra de salsas, jarabes y gaseosas');

SELECT *
FROM compra;


-- Compra FAC-1001: Distribuidora La Estrella (Bebidas)
INSERT INTO detalle_compra (id_compra, id_stock, cantidad, precio_unitario, descuento, subtotal, numero_lote, fecha_vencimiento)VALUES
(1, 20, 10.000, 115.00, 0.00, 1150.00, 'LOT-BEB-001', CURRENT_DATE + INTERVAL '180 days'), -- Ron Blanco
(1, 25, 50.000, 24.00, 50.00, 1150.00, 'LOT-BEB-002', CURRENT_DATE + INTERVAL '90 days'); -- Cerveza Huari

-- Compra FAC-1002: Sofía (Carnes)
INSERT INTO detalle_compra (id_compra, id_stock, cantidad, precio_unitario, descuento, subtotal, numero_lote, fecha_vencimiento)VALUES
(2, 11, 20.000, 50.00, 0.00, 1000.00, 'LOT-CAR-001', CURRENT_DATE + INTERVAL '20 days'), -- Carne de Res
(2, 12, 15.000, 42.00, 30.00, 600.00, 'LOT-CAR-002', CURRENT_DATE + INTERVAL '15 days'); -- Tocino

-- Compra FAC-1003: Verduras Frescas SRL (Vegetales)
INSERT INTO detalle_compra (id_compra, id_stock, cantidad, precio_unitario, descuento, subtotal, numero_lote, fecha_vencimiento)VALUES
(3, 1, 30.000, 7.50, 0.00, 225.00, 'LOT-VEG-001', CURRENT_DATE + INTERVAL '15 days'), -- Papa
(3, 2, 20.000, 11.00, 20.00, 200.00, 'LOT-VEG-002', CURRENT_DATE + INTERVAL '10 days'); -- Tomate

-- Compra FAC-1004: PIL (Lácteos)
INSERT INTO detalle_compra (id_compra, id_stock, cantidad, precio_unitario, descuento, subtotal, numero_lote, fecha_vencimiento)VALUES
(4, 14, 15.000, 42.00, 0.00, 630.00, 'LOT-LAC-001', CURRENT_DATE + INTERVAL '25 days'), -- Queso Mozzarella
(4, 15, 10.000, 48.00, 30.00, 450.00, 'LOT-LAC-002', CURRENT_DATE + INTERVAL '25 days'); -- Queso Cheddar

-- Compra FAC-1005: Heladería Tropical (Helados)
INSERT INTO detalle_compra (id_compra, id_stock, cantidad, precio_unitario, descuento, subtotal, numero_lote, fecha_vencimiento)VALUES
(5, 19, 20.000, 38.00, 0.00, 760.00, 'LOT-HEL-001', CURRENT_DATE + INTERVAL '30 days'); -- Base de Helado

-- Compra FAC-1006: Panadería San Jorge (Panadería)
INSERT INTO detalle_compra (id_compra, id_stock, cantidad, precio_unitario, descuento, subtotal, numero_lote, fecha_vencimiento)VALUES
(6, 17, 25.000, 19.00, 0.00, 475.00, 'LOT-PAN-001', CURRENT_DATE + INTERVAL '7 days'), -- Pan Artesanal
(6, 18, 20.000, 14.00, 10.00, 270.00, 'LOT-PAN-002', CURRENT_DATE + INTERVAL '7 days'); -- Pan Hot Dog

-- Compra FAC-1007: CleanBol (Limpieza)
INSERT INTO detalle_compra (id_compra, id_stock, cantidad, precio_unitario, descuento, subtotal, numero_lote, fecha_vencimiento)VALUES
(7, 28, 1000.000, 0.08, 0.00, 80.00, 'LOT-LIM-001', NULL), -- Servilletas
(7, 32, 20.000, 14.00, 0.00, 280.00, 'LOT-LIM-002', NULL); -- Detergente Líquido

-- Compra FAC-1008: Importadora Multiservicios (Varios)
INSERT INTO detalle_compra (id_compra, id_stock, cantidad, precio_unitario, descuento, subtotal, numero_lote, fecha_vencimiento)VALUES
(8, 36, 10.000, 24.00, 0.00, 240.00, 'LOT-VAR-001', CURRENT_DATE + INTERVAL '60 days'), -- Salsa BBQ
(8, 47, 100.000, 6.50, 0.00, 650.00, 'LOT-VAR-002', CURRENT_DATE + INTERVAL '180 days'); -- Sprite 500ml

SELECT *
FROM detalle_compra;


-- Pago de servicios básicos
INSERT INTO nota_salida (id_sucursal, id_empleado, descripcion, monto_total, tipo_gasto, estado, observaciones)
VALUES
(1, 4, 'Pago de electricidad y agua de marzo', 2500.00, 'SERVICIOS', 'REGISTRADO', 'Factura de CRE y SAGUAPAC');
-- Pago de alquiler
INSERT INTO nota_salida (id_sucursal, id_empleado, descripcion, monto_total, tipo_gasto, estado, observaciones)
VALUES
(1, 5, 'Alquiler mensual del local', 8000.00, 'ALQUILER', 'REGISTRADO', 'Contrato vigente hasta diciembre');
-- Pago de sueldos
INSERT INTO nota_salida (id_sucursal, id_empleado, descripcion, monto_total, tipo_gasto, estado, observaciones)
VALUES
(1, 2, 'Pago de sueldos del personal de cocina y meseros', 25000.00, 'SUELDOS', 'REGISTRADO', 'Planilla de marzo');
-- Mantenimiento
INSERT INTO nota_salida (id_sucursal, id_empleado, descripcion, monto_total, tipo_gasto, estado, observaciones)
VALUES
(1, 6, 'Reparación de equipos de refrigeración', 1200.00, 'MANTENIMIENTO', 'REGISTRADO', 'Servicio técnico especializado');
-- Transporte
INSERT INTO nota_salida (id_sucursal, id_empleado, descripcion, monto_total, tipo_gasto, estado, observaciones)
VALUES
(1, 8, 'Transporte de insumos desde proveedor', 600.00, 'TRANSPORTE', 'REGISTRADO', 'Camión contratado para traslado de carnes');
-- Impuestos
INSERT INTO nota_salida (id_sucursal, id_empleado, descripcion, monto_total, tipo_gasto, estado, observaciones)
VALUES
(1, 10, 'Pago de impuestos IVA correspondiente a febrero', 3500.00, 'IMPUESTOS', 'REGISTRADO', 'Declaración presentada en impuestos nacionales');
-- Otros gastos
INSERT INTO nota_salida (id_sucursal, id_empleado, descripcion, monto_total, tipo_gasto, estado, observaciones)
VALUES
(1, 12, 'Compra de artículos de oficina', 450.00, 'OTROS', 'REGISTRADO', 'Papelería y útiles para administración');
-- Botella rota (pérdida en inventario)
INSERT INTO nota_salida (id_sucursal, id_empleado, descripcion, monto_total, tipo_gasto, estado, observaciones)
VALUES
(1, 14, 'Reposición por botella de whisky rota en almacén', 350.00, 'PERDIDA', 'REGISTRADO', 'Botella dañada durante manipulación en bodega');

SELECT *
FROM nota_salida;


-- Nota de salida 1: Servicios (electricidad y agua)
INSERT INTO detalle_nota_salida (id_nota_salida, id_stock_sucursal, descripcion, cantidad, monto)
VALUES
(1, NULL, 'Pago de electricidad CRE', 1, 1500.00),
(1, NULL, 'Pago de agua SAGUAPAC', 1, 1000.00);
-- Nota de salida 2: Alquiler
INSERT INTO detalle_nota_salida (id_nota_salida, id_stock_sucursal, descripcion, cantidad, monto)
VALUES
(2, NULL, 'Alquiler mensual del local San Martín', 1, 8000.00);
-- Nota de salida 3: Sueldos
INSERT INTO detalle_nota_salida (id_nota_salida, id_stock_sucursal, descripcion, cantidad, monto)
VALUES
(3, NULL, 'Sueldos personal cocina', 8, 12000.00),
(3, NULL, 'Sueldos meseros y bartenders', 12, 13000.00);
-- Nota de salida 4: Mantenimiento
INSERT INTO detalle_nota_salida (id_nota_salida, id_stock_sucursal, descripcion, cantidad, monto)
VALUES
(4, NULL, 'Reparación de cámaras de refrigeración', 1, 1200.00);
-- Nota de salida 5: Transporte
INSERT INTO detalle_nota_salida (id_nota_salida, id_stock_sucursal, descripcion, cantidad, monto)
VALUES
(5, NULL, 'Transporte de carnes desde Sofía', 1, 600.00);
-- Nota de salida 6: Impuestos
INSERT INTO detalle_nota_salida (id_nota_salida, id_stock_sucursal, descripcion, cantidad, monto)
VALUES
(6, NULL, 'Pago IVA febrero', 1, 3500.00);
-- Nota de salida 7: Otros
INSERT INTO detalle_nota_salida (id_nota_salida, id_stock_sucursal, descripcion, cantidad, monto)
VALUES
(7, NULL, 'Compra de artículos de oficina', 1, 450.00);
-- Nota de salida 8: Pérdida por botella rota
INSERT INTO detalle_nota_salida (id_nota_salida, id_stock_sucursal, descripcion, cantidad, monto)
VALUES
(8, NULL, 'Reposición por botella de whisky rota', 1, 350.00);

SELECT *
FROM detalle_nota_salida;


-- Apertura de caja por el cajero de la mañana
INSERT INTO caja (id_sucursal, id_empleado, monto_inicial, estado)
VALUES (1, 15, 2000.00, 'ABIERTA'); -- Cajero AM
-- Apertura de caja por el cajero de la tarde
INSERT INTO caja (id_sucursal, id_empleado, monto_inicial, estado)
VALUES (1, 31, 2500.00, 'ABIERTA'); -- Cajero PM
-- Cierre de caja del turno mañana
INSERT INTO caja (id_sucursal, id_empleado, fecha_apertura, fecha_cierre, monto_inicial, monto_final, estado) 
VALUES (1, 15, CURRENT_DATE + TIME '08:00:00', CURRENT_DATE + TIME '17:00:00', 2000.00, 8500.00, 'CERRADA');
-- Cierre de caja del turno tarde (ajustado al día siguiente)
INSERT INTO caja (id_sucursal, id_empleado, fecha_apertura, fecha_cierre, monto_inicial, monto_final, estado) 
VALUES(1, 31, CURRENT_DATE + TIME '17:00:00', (CURRENT_DATE + INTERVAL '1 day') + TIME '01:00:00',2500.00, 9200.00, 'CERRADA');

SELECT *
FROM caja;


-- Sectores de la sucursal San Martín (id_sucursal = 1)
INSERT INTO sector (id_sucursal, nombre, descripcion, tipo_sector, activo)VALUES
(1, 'Lámpara', 'Sector iluminado con lámparas decorativas, ambiente acogedor.', 'SALON', TRUE),
(1, 'Jaula', 'Sector con diseño temático de jaula, estilo moderno.', 'VIP', TRUE),
(1, 'Patio', 'Sector al aire libre con mesas y plantas.', 'PRIVADO', TRUE),
(1, 'Terraza', 'Sector abierto con vista exterior, ideal para grupos.', 'TERRAZA', TRUE);

-- Sectores de la sucursal Av. Beni (id_sucursal = 2)
INSERT INTO sector (id_sucursal, nombre, descripcion, tipo_sector, activo)VALUES
(2, 'Lámpara', 'Sector iluminado con lámparas decorativas, ambiente acogedor.', 'SALON', TRUE),
(2, 'Jaula', 'Sector con diseño temático de jaula, estilo moderno.', 'VIP', TRUE),
(2, 'Patio', 'Sector al aire libre con mesas y plantas.', 'PRIVADO', TRUE),
(2, 'Terraza', 'Sector abierto con vista exterior, ideal para grupos.', 'TERRAZA', TRUE);

-- Sectores de la sucursal Av. Pirai (id_sucursal = 3)
INSERT INTO sector (id_sucursal, nombre, descripcion, tipo_sector, activo)VALUES
(3, 'Lámpara', 'Sector iluminado con lámparas decorativas, ambiente acogedor.', 'SALON', TRUE),
(3, 'Jaula', 'Sector con diseño temático de jaula, estilo moderno.', 'VIP', TRUE),
(3, 'Patio', 'Sector al aire libre con mesas y plantas.', 'PRIVADO', TRUE),
(3, 'Terraza', 'Sector abierto con vista exterior, ideal para grupos.', 'TERRAZA', TRUE);

-- Sectores de la sucursal Centro (id_sucursal = 4)
INSERT INTO sector (id_sucursal, nombre, descripcion, tipo_sector, activo)VALUES
(4, 'Lámpara', 'Sector iluminado con lámparas decorativas, ambiente acogedor.', 'SALON', TRUE),
(4, 'Jaula', 'Sector con diseño temático de jaula, estilo moderno.', 'VIP', TRUE),
(4, 'Terraza', 'Sector abierto con vista exterior, ideal para grupos.', 'TERRAZA', TRUE);

SELECT *
FROM sector;


-- Sector Lámpara (id_sector = 1)
INSERT INTO mesa (id_sector, numero_mesa, capacidad_personas, disponibilidad, activo) VALUES
(1, 'L1', 4, 'DISPONIBLE', TRUE),
(1, 'L2', 4, 'DISPONIBLE', TRUE),
(1, 'L3', 6, 'DISPONIBLE', TRUE),
(1, 'L4', 2, 'DISPONIBLE', TRUE),
(1, 'L5', 6, 'DISPONIBLE', TRUE);

-- Sector Jaula (id_sector = 2)
INSERT INTO mesa (id_sector, numero_mesa, capacidad_personas, disponibilidad, activo) VALUES
(2, 'J1', 6, 'DISPONIBLE', TRUE),
(2, 'J2', 8, 'DISPONIBLE', TRUE),
(2, 'J3', 6, 'DISPONIBLE', TRUE),
(2, 'J4', 4, 'DISPONIBLE', TRUE),
(2, 'J5', 8, 'DISPONIBLE', TRUE);

-- Sector Patio (id_sector = 3)
INSERT INTO mesa (id_sector, numero_mesa, capacidad_personas, disponibilidad, activo) VALUES
(3, 'P1', 4, 'DISPONIBLE', TRUE),
(3, 'P2', 6, 'DISPONIBLE', TRUE),
(3, 'P3', 4, 'DISPONIBLE', TRUE),
(3, 'P4', 2, 'DISPONIBLE', TRUE),
(3, 'P5', 6, 'DISPONIBLE', TRUE),
(3, 'P6', 8, 'DISPONIBLE', TRUE);

-- Sector Terraza (id_sector = 4)
INSERT INTO mesa (id_sector, numero_mesa, capacidad_personas, disponibilidad, activo) VALUES
(4, 'T1', 4, 'DISPONIBLE', TRUE),
(4, 'T2', 6, 'DISPONIBLE', TRUE),
(4, 'T3', 8, 'DISPONIBLE', TRUE),
(4, 'T4', 4, 'DISPONIBLE', TRUE),
(4, 'T5', 6, 'DISPONIBLE', TRUE),
(4, 'T6', 8, 'DISPONIBLE', TRUE);

SELECT *
FROM mesa;


-- Reserva pendiente
INSERT INTO reserva (id_cliente,
    fecha_reserva, hora_inicio, hora_fin, numero_personas, observaciones) VALUES
(5, CURRENT_DATE + INTERVAL '2 days', '19:00', '21:00', 4, 'Mesa cerca de la ventana');

-- Reserva confirmada
INSERT INTO reserva (id_cliente,
    fecha_reserva, hora_inicio, hora_fin, numero_personas, estado, fecha_confirmacion, confirmado_por) VALUES
(6, CURRENT_DATE + INTERVAL '3 days', '20:00', '22:00', 6, 'CONFIRMADA', CURRENT_TIMESTAMP, 15);

-- Reserva en curso
INSERT INTO reserva (id_cliente,
    fecha_reserva, hora_inicio, hora_fin, numero_personas, estado) VALUES
(7, CURRENT_DATE, '12:00', '14:00', 2, 'EN_CURSO');

-- Reserva completada (ajustada a futuro para cumplir restricción)
INSERT INTO reserva (id_cliente,
    fecha_reserva, hora_inicio, hora_fin, numero_personas, estado) VALUES
(8, CURRENT_DATE + INTERVAL '1 day', '18:00', '20:00', 3, 'COMPLETADA');

SELECT *
FROM reserva;


-- Reserva 1: cliente pidió una sola mesa
INSERT INTO reserva_mesa (id_reserva, id_mesa)
VALUES (1, 12);
-- Reserva 2: grupo grande, se asignan dos mesas juntas
INSERT INTO reserva_mesa (id_reserva, id_mesa)
VALUES (2, 8),
       (2, 9);
-- Reserva 3: pareja en mesa pequeña
INSERT INTO reserva_mesa (id_reserva, id_mesa)
VALUES (3, 5);
-- Reserva 4: se asignó una mesa mediana
INSERT INTO reserva_mesa (id_reserva, id_mesa)
VALUES (4, 10);

SELECT *
FROM reserva_mesa;


-- Asignación de cajero turno mañana
INSERT INTO empleado_sucursal (id_empleado, id_sucursal, fecha_asignacion, activo) VALUES
(15, 1, CURRENT_DATE, TRUE);
-- Asignación de cajero turno tarde
INSERT INTO empleado_sucursal (id_empleado, id_sucursal, fecha_asignacion, activo) VALUES
(31, 1, CURRENT_DATE, TRUE);
-- Asignación de jefe de cocina
INSERT INTO empleado_sucursal (id_empleado, id_sucursal, fecha_asignacion, activo) VALUES
(22, 1, CURRENT_DATE, TRUE);
-- Asignación de meseros
INSERT INTO empleado_sucursal (id_empleado, id_sucursal, fecha_asignacion, activo) VALUES
(25, 1, CURRENT_DATE, TRUE),
(26, 1, CURRENT_DATE, TRUE),
(27, 1, CURRENT_DATE, TRUE);
-- Asignación de bartender
INSERT INTO empleado_sucursal (id_empleado, id_sucursal, fecha_asignacion, activo) VALUES
(30, 1, CURRENT_DATE, TRUE);
-- Ejemplo de asignación finalizada
INSERT INTO empleado_sucursal (id_empleado, id_sucursal, fecha_asignacion, fecha_fin, activo)VALUES
(18, 1, '2025-01-10', '2025-12-31', FALSE);

SELECT *
FROM empleado_sucursal;


-- Tabla: COMANDA (_OPERACIONES_)
INSERT INTO comanda (id_comanda, numero_comanda, id_sucursal, id_cliente, id_empleado, id_reserva, id_carrito, tipo_servicio, fecha_apertura, estado, observaciones) VALUES
(1, 'COM-0001', 1, 1, 25, 1, NULL, 'MESA', '2024-03-10 12:00:00', 'ABIERTA', 'Cliente pidió hamburguesas y papas'),
(2, 'COM-0002', 1, 2, 26, 2, NULL, 'MESA', '2024-03-10 13:00:00', 'EN_PREPARACION', 'Mesa pidió pizzas y cervezas'),
(3, 'COM-0003', 1, 3, 27, NULL, NULL, 'PARA_LLEVAR', '2024-03-10 14:30:00', 'LISTA', ''),
(4, 'COM-0004', 1, 4, 30, NULL, 1, 'ONLINE', '2024-03-10 15:45:00', 'ENTREGADA', ''),
(5, 'COM-0005', 1, 5, 25, 3, NULL, 'MESA', '2024-03-10 19:20:00', 'CERRADA', 'Cliente pagó en efectivo'),
(6, 'COM-0006', 1, 6, 26, 2, NULL, 'MESA','2024-03-10 19:20:00', 'CANCELADA', 'Cliente se retiró antes de ordenar');

SELECT *
FROM comanda;


-- Venta emitida (pendiente de pago)
INSERT INTO nota_venta (
    id_comanda, id_sucursal, id_cliente, id_empleado, id_metodo_pago,
    subtotal, descuento, impuesto, propina, total,
    estado, fecha_pago, observaciones
) VALUES
(1, 1, 1, 25, 1,
 120.00, 0.00, 15.00, 10.00, 145.00,
 'EMITIDA', NULL, 'Cliente aún no pagó');

-- Venta pagada en efectivo
INSERT INTO nota_venta (
    id_comanda, id_sucursal, id_cliente, id_empleado, id_metodo_pago,
    subtotal, descuento, impuesto, propina, total,
    estado, fecha_pago, observaciones
) VALUES
(2, 1, 2, 26, 1,
 240.00, 20.00, 30.00, 15.00, 265.00,
 'PAGADA', CURRENT_TIMESTAMP, 'Pago en efectivo con descuento aplicado');

-- Venta pagada con tarjeta
INSERT INTO nota_venta (
    id_comanda, id_sucursal, id_cliente, id_empleado, id_metodo_pago,
    subtotal, descuento, impuesto, propina, total,
    estado, fecha_pago, observaciones
) VALUES
(3, 1, 3, 27, 2,
 180.00, 0.00, 23.00, 12.00, 215.00,
 'PAGADA', CURRENT_TIMESTAMP, 'Pago con tarjeta de crédito');

-- Venta anulada
INSERT INTO nota_venta (
    id_comanda, id_sucursal, id_cliente, id_empleado, id_metodo_pago,
    subtotal, descuento, impuesto, propina, total,
    estado, fecha_pago, observaciones
) VALUES
(4, 1, 4, 30, 1,
 300.00, 0.00, 39.00, 20.00, 359.00,
 'ANULADA', NULL, 'Cliente canceló la orden antes de pagar');

-- Venta devuelta
INSERT INTO nota_venta (
    id_comanda, id_sucursal, id_cliente, id_empleado, id_metodo_pago,
    subtotal, descuento, impuesto, propina, total,
    estado, fecha_pago, observaciones
) VALUES
(5, 1, 5, 25, 3,
 150.00, 0.00, 19.00, 10.00, 179.00,
 'DEVUELTA', NULL, 'Cliente devolvió producto por error en pedido');

 SELECT *
 FROM nota_venta;


-- Nota de venta 1: Hamburguesas y papas
INSERT INTO detalle_nota_venta (
    id_nota_venta, id_producto_final, cantidad, precio_unitario,
    costo_unitario, descuento, subtotal, descripcion
) VALUES
(1, 7, 2, 45.00, 30.00, 0.00, 90.00, 'Hamburguesa Clásica'),
(1, 4, 1, 24.00, 15.00, 0.00, 24.00, 'Papas Fritas Clásicas');

-- Nota de venta 2: Pizza y cervezas
INSERT INTO detalle_nota_venta (
    id_nota_venta, id_producto_final, cantidad, precio_unitario,
    costo_unitario, descuento, subtotal, descripcion
) VALUES
(2, 19, 1, 120.00, 80.00, 20.00, 100.00, 'Pizza Mozzarella'),
(2, 13, 4, 25.00, 15.00, 0.00, 100.00, 'Cerveza Huari');

-- Nota de venta 3: Hamburguesa y gaseosa
INSERT INTO detalle_nota_venta (
    id_nota_venta, id_producto_final, cantidad, precio_unitario,
    costo_unitario, descuento, subtotal, descripcion
) VALUES
(3, 8, 1, 49.00, 35.00, 0.00, 49.00, 'Hamburguesa Yankee'),
(3, 29, 2, 14.00, 8.00, 0.00, 28.00, 'Gaseosa embotellada');

-- Nota de venta 4: Pedido anulado
INSERT INTO detalle_nota_venta (
    id_nota_venta, id_producto_final, cantidad, precio_unitario,
    costo_unitario, descuento, subtotal, descripcion
) VALUES
(4, 20, 1, 130.00, 90.00, 0.00, 130.00, 'Pizza Pepperoni');

-- Nota de venta 5: Pedido devuelto
INSERT INTO detalle_nota_venta (
    id_nota_venta, id_producto_final, cantidad, precio_unitario,
    costo_unitario, descuento, subtotal, descripcion
) VALUES
(5, 9, 1, 60.00, 40.00, 0.00, 60.00, 'Hamburguesa BBQ');

SELECT *
FROM detalle_nota_venta;


-- Transacción pendiente en Stripe (Vinculada a Nota Venta 1)
INSERT INTO transaccion_online (id_nota_venta, numero_transaccion, monto, moneda, estado, datos_adicionales) VALUES
(1, 'TXN_STRIPE_0001', 250.00, 'BOB', 'PENDIENTE', '{"gateway":"Stripe"}');
-- Transacción aprobada en PayPal (Vinculada a Nota Venta 2)
INSERT INTO transaccion_online (id_nota_venta, numero_transaccion, monto, moneda, estado, fecha_completado, codigo_autorizacion) VALUES 
(2, 'TXN_PAYPAL_0002', 480.50, 'USD', 'APROBADA', CURRENT_TIMESTAMP, 'AUTH12345');
-- Transacción rechazada en MercadoPago (Vinculada a Nota Venta 3)
INSERT INTO transaccion_online (id_nota_venta, numero_transaccion, monto, moneda, estado, fecha_completado, codigo_error) VALUES 
(3, 'TXN_MP_0003', 120.00, 'BOB', 'RECHAZADA', CURRENT_TIMESTAMP, 'ERR401');

SELECT *
FROM transaccion_online;


-- Ingreso por venta (nota de venta 1)
INSERT INTO movimiento_caja (id_caja, id_nota_venta, id_compra, id_nota_salida, tipo, concepto, monto, referencia_id, observaciones) VALUES
(1, 1, NULL, NULL, 'INGRESO', 'VENTA', 250.00, 1, 'Venta de hamburguesa doble');
-- Ingreso extra (ej. depósito)
INSERT INTO movimiento_caja (id_caja, id_nota_venta, id_compra, id_nota_salida, tipo, concepto, monto, referencia_id, observaciones) VALUES
(1, NULL, NULL, NULL, 'INGRESO', 'INGRESO_EXTRA', 500.00, NULL, 'Depósito adicional en caja');
-- Egreso por compra de insumos (compra 1)
INSERT INTO movimiento_caja (id_caja, id_nota_venta, id_compra, id_nota_salida, tipo, concepto, monto, referencia_id, observaciones) VALUES
(1, NULL, 1, NULL, 'EGRESO', 'COMPRA', 350.00, 1, 'Compra de carne y pan');
-- Egreso por gasto operativo
INSERT INTO movimiento_caja (id_caja, id_nota_venta, id_compra, id_nota_salida, tipo, concepto, monto, referencia_id, observaciones) VALUES
(1, NULL, NULL, NULL, 'EGRESO', 'GASTO', 75.00, NULL, 'Pago de servicio de limpieza');
-- Egreso por retiro de efectivo
INSERT INTO movimiento_caja (id_caja, id_nota_venta, id_compra, id_nota_salida, tipo, concepto, monto, referencia_id, observaciones) VALUES
(1, NULL, NULL, NULL, 'EGRESO', 'RETIRO', 200.00, NULL, 'Retiro de efectivo por gerente');
-- Ingreso por devolución (nota de salida 1)
INSERT INTO movimiento_caja (id_caja, id_nota_venta, id_compra, id_nota_salida, tipo, concepto, monto, referencia_id, observaciones) VALUES
(1, NULL, NULL, 1, 'INGRESO', 'INGRESO_EXTRA', 120.00, 1, 'Devolución de producto defectuoso (Ingreso Extra)');

SELECT *
FROM movimiento_caja;


-- Tabla: DETALLE_COMANDA (_OPERACIONES_)
INSERT INTO detalle_comanda (id_comanda, id_producto_final, cantidad, precio_unitario, notas_especiales, estado, estacion_preparacion) VALUES
(1, 7, 2, 45.00, 'Sin cebolla, extra queso', 'EN_PREPARACION', 'COCINA'),
(1, 4, 1, 24.00, NULL, 'PENDIENTE', 'COCINA'),
(2, 23, 3, 30.00, 'Menos azúcar', 'LISTO', 'BARRA'),
(3, 26, 2, 20.00, 'Sin hielo', 'ENTREGADO', 'BARRA'),
(4, 19, 1, 120.00, 'Extra aceitunas', 'CANCELADO', 'COCINA');

SELECT *
FROM detalle_comanda;